2,241,82.09,+7,"共有されるコメントです。
コツやポイントが書き込めます。SampleSampleSampleSampleSampleSampleSampleSampleSampleSample","共有されない自分だけのメモです。自分用にコツやポイントのメモを取れます。
SampleSampleSampleSampleSampleSampleSampleSampleSample",2020/1/1 1:18,2020/1/1 1:18
9,40,41.32,+3,"共有されるコメントです。
コツやポイントが書き込めます。
SampleSampleSampleSampleSampleSampleSampleSampleSampleSample","共有されない自分だけのメモです。
自分用にコツやポイントのメモを取れます。
SampleSampleSampleSampleSampleSampleSampleSampleSample",2020/1/3 19:12,2020/1/3 19:12
1,221,35.32,±0,"共有されるコメントです。
コツやポイントが書き込めます。
SampleSampleSampleSampleSampleSampleSampleSampleSampleSample","共有されない自分だけのメモです。
自分用にコツやポイントのメモを取れます。
SampleSampleSampleSampleSampleSampleSampleSampleSample",2020/1/6 17:43,2020/1/6 17:43
3,241,73.48,-0,"共有されるコメントです。
コツやポイントが書き込めます。
SampleSampleSampleSampleSampleSampleSampleSampleSampleSample","共有されない自分だけのメモです。
自分用にコツやポイントのメモを取れます。
SampleSampleSampleSampleSampleSampleSampleSampleSample",2020/1/9 16:57,2020/1/9 16:57
1,40,54.15,-3,"共有されるコメントです。
コツやポイントが書き込めます。
SampleSampleSampleSampleSampleSampleSampleSampleSampleSample","共有されない自分だけのメモです。
自分用にコツやポイントのメモを取れます。
SampleSampleSampleSampleSampleSampleSampleSampleSample",2020/1/17 11:52,2020/1/17 11:52
1,453,16.66,-1,"共有されるコメントです。
コツやポイントが書き込めます。
SampleSampleSampleSampleSampleSampleSampleSampleSampleSample","共有されない自分だけのメモです。
自分用にコツやポイントのメモを取れます。
SampleSampleSampleSampleSampleSampleSampleSampleSample",2020/1/18 6:27,2020/1/18 6:27
8,545,19.21,-7,"共有されるコメントです。
コツやポイントが書き込めます。
SampleSampleSampleSampleSampleSampleSampleSampleSampleSample","共有されない自分だけのメモです。
自分用にコツやポイントのメモを取れます。
SampleSampleSampleSampleSampleSampleSampleSampleSample",2020/1/28 13:21,2020/1/28 13:21
1,221,33.03,±0,"共有されるコメントです。
コツやポイントが書き込めます。
SampleSampleSampleSampleSampleSampleSampleSampleSampleSample","共有されない自分だけのメモです。
自分用にコツやポイントのメモを取れます。
SampleSampleSampleSampleSampleSampleSampleSampleSample",2020/2/4 2:59,2020/2/4 2:59
4,26,32.50,+7,"共有されるコメントです。
コツやポイントが書き込めます。
SampleSampleSampleSampleSampleSampleSampleSampleSampleSample","共有されない自分だけのメモです。
自分用にコツやポイントのメモを取れます。
SampleSampleSampleSampleSampleSampleSampleSampleSample",2020/2/9 18:21,2020/2/9 18:21
3,241,28.58,-5,"共有されるコメントです。
コツやポイントが書き込めます。
SampleSampleSampleSampleSampleSampleSampleSampleSampleSample","共有されない自分だけのメモです。
自分用にコツやポイントのメモを取れます。
SampleSampleSampleSampleSampleSampleSampleSampleSample",2020/2/10 10:21,2020/2/10 10:21
8,26,16.12,+1,"共有されるコメントです。
コツやポイントが書き込めます。
SampleSampleSampleSampleSampleSampleSampleSampleSampleSample","共有されない自分だけのメモです。
自分用にコツやポイントのメモを取れます。
SampleSampleSampleSampleSampleSampleSampleSampleSample",2020/2/21 7:08,2020/2/21 7:08
5,26,61.64,+7,"共有されるコメントです。
コツやポイントが書き込めます。
SampleSampleSampleSampleSampleSampleSampleSampleSampleSample","共有されない自分だけのメモです。
自分用にコツやポイントのメモを取れます。
SampleSampleSampleSampleSampleSampleSampleSampleSample",2020/3/3 9:53,2020/3/3 9:53
1,545,88.36,±0,"共有されるコメントです。
コツやポイントが書き込めます。
SampleSampleSampleSampleSampleSampleSampleSampleSampleSample","共有されない自分だけのメモです。
自分用にコツやポイントのメモを取れます。
SampleSampleSampleSampleSampleSampleSampleSampleSample",2020/3/3 21:32,2020/3/3 21:32
8,171,72.03,-6,"共有されるコメントです。
コツやポイントが書き込めます。
SampleSampleSampleSampleSampleSampleSampleSampleSampleSample","共有されない自分だけのメモです。
自分用にコツやポイントのメモを取れます。
SampleSampleSampleSampleSampleSampleSampleSampleSample",2020/3/9 6:57,2020/3/9 6:57
1,40,81.16,-3,"共有されるコメントです。
コツやポイントが書き込めます。
SampleSampleSampleSampleSampleSampleSampleSampleSampleSample","共有されない自分だけのメモです。
自分用にコツやポイントのメモを取れます。
SampleSampleSampleSampleSampleSampleSampleSampleSample",2020/3/11 5:57,2020/3/11 5:57
7,453,16.21,-7,"共有されるコメントです。
コツやポイントが書き込めます。
SampleSampleSampleSampleSampleSampleSampleSampleSampleSample","共有されない自分だけのメモです。
自分用にコツやポイントのメモを取れます。
SampleSampleSampleSampleSampleSampleSampleSampleSample",2020/3/11 14:19,2020/3/11 14:19
6,545,48.71,+5,"共有されるコメントです。
コツやポイントが書き込めます。
SampleSampleSampleSampleSampleSampleSampleSampleSampleSample","共有されない自分だけのメモです。
自分用にコツやポイントのメモを取れます。
SampleSampleSampleSampleSampleSampleSampleSampleSample",2020/3/12 17:34,2020/3/12 17:34
1,545,88.36,±0,"共有されるコメントです。
コツやポイントが書き込めます。
SampleSampleSampleSampleSampleSampleSampleSampleSampleSample","共有されない自分だけのメモです。
自分用にコツやポイントのメモを取れます。
SampleSampleSampleSampleSampleSampleSampleSampleSample",2020/3/22 3:04,2020/3/22 3:04
6,312,89.65,-2,"共有されるコメントです。
コツやポイントが書き込めます。
SampleSampleSampleSampleSampleSampleSampleSampleSampleSample","共有されない自分だけのメモです。
自分用にコツやポイントのメモを取れます。
SampleSampleSampleSampleSampleSampleSampleSampleSample",2020/3/27 1:11,2020/3/27 1:11
1,312,72.50,-5,"共有されるコメントです。
コツやポイントが書き込めます。
SampleSampleSampleSampleSampleSampleSampleSampleSampleSample","共有されない自分だけのメモです。
自分用にコツやポイントのメモを取れます。
SampleSampleSampleSampleSampleSampleSampleSampleSample",2020/3/29 5:00,2020/3/29 5:00
9,312,38.35,-6,"共有されるコメントです。
コツやポイントが書き込めます。
SampleSampleSampleSampleSampleSampleSampleSampleSampleSample","共有されない自分だけのメモです。
自分用にコツやポイントのメモを取れます。
SampleSampleSampleSampleSampleSampleSampleSampleSample",2020/3/31 17:14,2020/3/31 17:14
4,241,33.41,+3,"共有されるコメントです。
コツやポイントが書き込めます。
SampleSampleSampleSampleSampleSampleSampleSampleSampleSample","共有されない自分だけのメモです。
自分用にコツやポイントのメモを取れます。
SampleSampleSampleSampleSampleSampleSampleSampleSample",2020/3/31 19:03,2020/3/31 19:03
8,221,45.62,+7,"共有されるコメントです。
コツやポイントが書き込めます。
SampleSampleSampleSampleSampleSampleSampleSampleSampleSample","共有されない自分だけのメモです。
自分用にコツやポイントのメモを取れます。
SampleSampleSampleSampleSampleSampleSampleSampleSample",2020/4/3 13:22,2020/4/3 13:22
1,221,44.26,±0,"共有されるコメントです。
コツやポイントが書き込めます。
SampleSampleSampleSampleSampleSampleSampleSampleSampleSample","共有されない自分だけのメモです。
自分用にコツやポイントのメモを取れます。
SampleSampleSampleSampleSampleSampleSampleSampleSample",2020/4/4 6:30,2020/4/4 6:30
1,453,35.10,-8,"共有されるコメントです。
コツやポイントが書き込めます。
SampleSampleSampleSampleSampleSampleSampleSampleSampleSample","共有されない自分だけのメモです。
自分用にコツやポイントのメモを取れます。
SampleSampleSampleSampleSampleSampleSampleSampleSample",2020/4/15 3:25,2020/4/15 3:25
1,221,38.41,-8,"共有されるコメントです。
コツやポイントが書き込めます。
SampleSampleSampleSampleSampleSampleSampleSampleSampleSample","共有されない自分だけのメモです。
自分用にコツやポイントのメモを取れます。
SampleSampleSampleSampleSampleSampleSampleSampleSample",2020/4/24 17:16,2020/4/24 17:16
1,221,64.49,-0,"共有されるコメントです。
コツやポイントが書き込めます。
SampleSampleSampleSampleSampleSampleSampleSampleSampleSample","共有されない自分だけのメモです。
自分用にコツやポイントのメモを取れます。
SampleSampleSampleSampleSampleSampleSampleSampleSample",2020/4/27 11:25,2020/4/27 11:25
4,171,29.24,-8,"共有されるコメントです。
コツやポイントが書き込めます。
SampleSampleSampleSampleSampleSampleSampleSampleSampleSample","共有されない自分だけのメモです。
自分用にコツやポイントのメモを取れます。
SampleSampleSampleSampleSampleSampleSampleSampleSample",2020/4/27 13:47,2020/4/27 13:47
9,221,57.96,-7,"共有されるコメントです。
コツやポイントが書き込めます。
SampleSampleSampleSampleSampleSampleSampleSampleSampleSample","共有されない自分だけのメモです。
自分用にコツやポイントのメモを取れます。
SampleSampleSampleSampleSampleSampleSampleSampleSample",2020/4/29 20:45,2020/4/29 20:45
5,428,22.95,+7,"共有されるコメントです。
コツやポイントが書き込めます。
SampleSampleSampleSampleSampleSampleSampleSampleSampleSample","共有されない自分だけのメモです。
自分用にコツやポイントのメモを取れます。
SampleSampleSampleSampleSampleSampleSampleSampleSample",2020/4/30 22:41,2020/4/30 22:41
3,453,79.22,-1,"共有されるコメントです。
コツやポイントが書き込めます。
SampleSampleSampleSampleSampleSampleSampleSampleSampleSample","共有されない自分だけのメモです。
自分用にコツやポイントのメモを取れます。
SampleSampleSampleSampleSampleSampleSampleSampleSample",2020/5/8 6:26,2020/5/8 6:26
1,40,31.74,-3,"共有されるコメントです。
コツやポイントが書き込めます。
SampleSampleSampleSampleSampleSampleSampleSampleSampleSample","共有されない自分だけのメモです。
自分用にコツやポイントのメモを取れます。
SampleSampleSampleSampleSampleSampleSampleSampleSample",2020/5/11 12:18,2020/5/11 12:18
7,312,74.60,+8,"共有されるコメントです。
コツやポイントが書き込めます。
SampleSampleSampleSampleSampleSampleSampleSampleSampleSample","共有されない自分だけのメモです。
自分用にコツやポイントのメモを取れます。
SampleSampleSampleSampleSampleSampleSampleSampleSample",2020/5/13 1:04,2020/5/13 1:04
1,221,31.70,±0,"共有されるコメントです。
コツやポイントが書き込めます。
SampleSampleSampleSampleSampleSampleSampleSampleSampleSample","共有されない自分だけのメモです。
自分用にコツやポイントのメモを取れます。
SampleSampleSampleSampleSampleSampleSampleSampleSample",2020/5/14 5:03,2020/5/14 5:03
8,545,98.59,+2,"共有されるコメントです。
コツやポイントが書き込めます。
SampleSampleSampleSampleSampleSampleSampleSampleSampleSample","共有されない自分だけのメモです。
自分用にコツやポイントのメモを取れます。
SampleSampleSampleSampleSampleSampleSampleSampleSample",2020/5/20 0:09,2020/5/20 0:09
1,221,43.19,±0,"共有されるコメントです。
コツやポイントが書き込めます。
SampleSampleSampleSampleSampleSampleSampleSampleSampleSample","共有されない自分だけのメモです。
自分用にコツやポイントのメモを取れます。
SampleSampleSampleSampleSampleSampleSampleSampleSample",2020/5/20 3:56,2020/5/20 3:56
2,545,15.08,+6,"共有されるコメントです。
コツやポイントが書き込めます。
SampleSampleSampleSampleSampleSampleSampleSampleSampleSample","共有されない自分だけのメモです。
自分用にコツやポイントのメモを取れます。
SampleSampleSampleSampleSampleSampleSampleSampleSample",2020/5/23 7:19,2020/5/23 7:19
1,545,72.80,±0,"共有されるコメントです。
コツやポイントが書き込めます。
SampleSampleSampleSampleSampleSampleSampleSampleSampleSample","共有されない自分だけのメモです。
自分用にコツやポイントのメモを取れます。
SampleSampleSampleSampleSampleSampleSampleSampleSample",2020/5/26 14:54,2020/5/26 14:54
1,241,78.59,-6,"共有されるコメントです。
コツやポイントが書き込めます。
SampleSampleSampleSampleSampleSampleSampleSampleSampleSample","共有されない自分だけのメモです。
自分用にコツやポイントのメモを取れます。
SampleSampleSampleSampleSampleSampleSampleSampleSample",2020/6/5 21:27,2020/6/5 21:27
1,221,49.31,±0,"共有されるコメントです。
コツやポイントが書き込めます。
SampleSampleSampleSampleSampleSampleSampleSampleSampleSample","共有されない自分だけのメモです。
自分用にコツやポイントのメモを取れます。
SampleSampleSampleSampleSampleSampleSampleSampleSample",2020/6/14 13:13,2020/6/14 13:13
8,453,57.50,-3,"共有されるコメントです。
コツやポイントが書き込めます。
SampleSampleSampleSampleSampleSampleSampleSampleSampleSample","共有されない自分だけのメモです。
自分用にコツやポイントのメモを取れます。
SampleSampleSampleSampleSampleSampleSampleSampleSample",2020/6/29 3:49,2020/6/29 3:49
1,545,61.89,±0,"共有されるコメントです。
コツやポイントが書き込めます。
SampleSampleSampleSampleSampleSampleSampleSampleSampleSample","共有されない自分だけのメモです。
自分用にコツやポイントのメモを取れます。
SampleSampleSampleSampleSampleSampleSampleSampleSample",2020/6/29 19:23,2020/6/29 19:23
9,428,66.69,-8,"共有されるコメントです。
コツやポイントが書き込めます。
SampleSampleSampleSampleSampleSampleSampleSampleSampleSample","共有されない自分だけのメモです。
自分用にコツやポイントのメモを取れます。
SampleSampleSampleSampleSampleSampleSampleSampleSample",2020/7/1 1:32,2020/7/1 1:32
2,241,96.36,-9,"共有されるコメントです。
コツやポイントが書き込めます。
SampleSampleSampleSampleSampleSampleSampleSampleSampleSample","共有されない自分だけのメモです。
自分用にコツやポイントのメモを取れます。
SampleSampleSampleSampleSampleSampleSampleSampleSample",2020/7/1 21:59,2020/7/1 21:59
2,312,31.07,-8,"共有されるコメントです。
コツやポイントが書き込めます。
SampleSampleSampleSampleSampleSampleSampleSampleSampleSample","共有されない自分だけのメモです。
自分用にコツやポイントのメモを取れます。
SampleSampleSampleSampleSampleSampleSampleSampleSample",2020/7/7 21:57,2020/7/7 21:57
3,171,15.82,+2,"共有されるコメントです。
コツやポイントが書き込めます。
SampleSampleSampleSampleSampleSampleSampleSampleSampleSample","共有されない自分だけのメモです。
自分用にコツやポイントのメモを取れます。
SampleSampleSampleSampleSampleSampleSampleSampleSample",2020/7/16 6:40,2020/7/16 6:40
1,221,32.15,±0,"共有されるコメントです。
コツやポイントが書き込めます。
SampleSampleSampleSampleSampleSampleSampleSampleSampleSample","共有されない自分だけのメモです。
自分用にコツやポイントのメモを取れます。
SampleSampleSampleSampleSampleSampleSampleSampleSample",2020/7/26 13:30,2020/7/26 13:30
6,171,78.89,+8,"共有されるコメントです。
コツやポイントが書き込めます。
SampleSampleSampleSampleSampleSampleSampleSampleSampleSample","共有されない自分だけのメモです。
自分用にコツやポイントのメモを取れます。
SampleSampleSampleSampleSampleSampleSampleSampleSample",2020/8/4 6:43,2020/8/4 6:43
8,241,23.90,+4,"共有されるコメントです。
コツやポイントが書き込めます。
SampleSampleSampleSampleSampleSampleSampleSampleSampleSample","共有されない自分だけのメモです。
自分用にコツやポイントのメモを取れます。
SampleSampleSampleSampleSampleSampleSampleSampleSample",2020/8/15 7:08,2020/8/15 7:08
1,545,74.05,±0,"共有されるコメントです。
コツやポイントが書き込めます。
SampleSampleSampleSampleSampleSampleSampleSampleSampleSample","共有されない自分だけのメモです。
自分用にコツやポイントのメモを取れます。
SampleSampleSampleSampleSampleSampleSampleSampleSample",2020/8/16 17:55,2020/8/16 17:55
1,40,16.79,-3,"共有されるコメントです。
コツやポイントが書き込めます。
SampleSampleSampleSampleSampleSampleSampleSampleSampleSample","共有されない自分だけのメモです。
自分用にコツやポイントのメモを取れます。
SampleSampleSampleSampleSampleSampleSampleSampleSample",2020/8/16 21:03,2020/8/16 21:03
1,545,34.51,±0,"共有されるコメントです。
コツやポイントが書き込めます。
SampleSampleSampleSampleSampleSampleSampleSampleSampleSample","共有されない自分だけのメモです。
自分用にコツやポイントのメモを取れます。
SampleSampleSampleSampleSampleSampleSampleSampleSample",2020/8/19 3:13,2020/8/19 3:13
1,545,76.42,±0,"共有されるコメントです。
コツやポイントが書き込めます。
SampleSampleSampleSampleSampleSampleSampleSampleSampleSample","共有されない自分だけのメモです。
自分用にコツやポイントのメモを取れます。
SampleSampleSampleSampleSampleSampleSampleSampleSample",2020/8/21 19:04,2020/8/21 19:04
1,221,39.51,±0,"共有されるコメントです。
コツやポイントが書き込めます。
SampleSampleSampleSampleSampleSampleSampleSampleSampleSample","共有されない自分だけのメモです。
自分用にコツやポイントのメモを取れます。
SampleSampleSampleSampleSampleSampleSampleSampleSample",2020/8/28 8:58,2020/8/28 8:58
1,545,29.19,+8,"共有されるコメントです。
コツやポイントが書き込めます。
SampleSampleSampleSampleSampleSampleSampleSampleSampleSample","共有されない自分だけのメモです。
自分用にコツやポイントのメモを取れます。
SampleSampleSampleSampleSampleSampleSampleSampleSample",2020/9/25 6:47,2020/9/25 6:47
8,545,22.18,+6,"共有されるコメントです。
コツやポイントが書き込めます。
SampleSampleSampleSampleSampleSampleSampleSampleSampleSample","共有されない自分だけのメモです。
自分用にコツやポイントのメモを取れます。
SampleSampleSampleSampleSampleSampleSampleSampleSample",2020/9/29 18:42,2020/9/29 18:42
1,312,76.29,+4,"共有されるコメントです。
コツやポイントが書き込めます。
SampleSampleSampleSampleSampleSampleSampleSampleSampleSample","共有されない自分だけのメモです。
自分用にコツやポイントのメモを取れます。
SampleSampleSampleSampleSampleSampleSampleSampleSample",2020/10/1 6:58,2020/10/1 6:58
9,241,86.42,+4,"共有されるコメントです。
コツやポイントが書き込めます。
SampleSampleSampleSampleSampleSampleSampleSampleSampleSample","共有されない自分だけのメモです。
自分用にコツやポイントのメモを取れます。
SampleSampleSampleSampleSampleSampleSampleSampleSample",2020/10/6 21:55,2020/10/6 21:55
1,221,24.13,7,"共有されるコメントです。
コツやポイントが書き込めます。
SampleSampleSampleSampleSampleSampleSampleSampleSampleSample","共有されない自分だけのメモです。
自分用にコツやポイントのメモを取れます。
SampleSampleSampleSampleSampleSampleSampleSampleSample",2020/10/7 6:53,2020/10/7 6:53
4,545,39.28,-2,"共有されるコメントです。
コツやポイントが書き込めます。
SampleSampleSampleSampleSampleSampleSampleSampleSampleSample","共有されない自分だけのメモです。
自分用にコツやポイントのメモを取れます。
SampleSampleSampleSampleSampleSampleSampleSampleSample",2020/10/8 9:07,2020/10/8 9:07
1,221,48.19,±0,"共有されるコメントです。
コツやポイントが書き込めます。
SampleSampleSampleSampleSampleSampleSampleSampleSampleSample","共有されない自分だけのメモです。
自分用にコツやポイントのメモを取れます。
SampleSampleSampleSampleSampleSampleSampleSampleSample",2020/10/11 0:57,2020/10/11 0:57
1,40,14.76,-7,"共有されるコメントです。
コツやポイントが書き込めます。
SampleSampleSampleSampleSampleSampleSampleSampleSampleSample","共有されない自分だけのメモです。
自分用にコツやポイントのメモを取れます。
SampleSampleSampleSampleSampleSampleSampleSampleSample",2020/10/11 23:20,2020/10/11 23:20
7,26,98.57,+6,"共有されるコメントです。
コツやポイントが書き込めます。
SampleSampleSampleSampleSampleSampleSampleSampleSampleSample","共有されない自分だけのメモです。
自分用にコツやポイントのメモを取れます。
SampleSampleSampleSampleSampleSampleSampleSampleSample",2020/10/18 23:17,2020/10/18 23:17
1,221,69.30,+7,"共有されるコメントです。
コツやポイントが書き込めます。
SampleSampleSampleSampleSampleSampleSampleSampleSampleSample","共有されない自分だけのメモです。
自分用にコツやポイントのメモを取れます。
SampleSampleSampleSampleSampleSampleSampleSampleSample",2020/10/28 13:15,2020/10/28 13:15
1,545,84.42,±0,"共有されるコメントです。
コツやポイントが書き込めます。
SampleSampleSampleSampleSampleSampleSampleSampleSampleSample","共有されない自分だけのメモです。
自分用にコツやポイントのメモを取れます。
SampleSampleSampleSampleSampleSampleSampleSampleSample",2020/11/5 10:01,2020/11/5 10:01
1,545,85.10,±0,"共有されるコメントです。
コツやポイントが書き込めます。
SampleSampleSampleSampleSampleSampleSampleSampleSampleSample","共有されない自分だけのメモです。
自分用にコツやポイントのメモを取れます。
SampleSampleSampleSampleSampleSampleSampleSampleSample",2020/11/7 5:55,2020/11/7 5:55
6,453,87.83,+3,"共有されるコメントです。
コツやポイントが書き込めます。
SampleSampleSampleSampleSampleSampleSampleSampleSampleSample","共有されない自分だけのメモです。
自分用にコツやポイントのメモを取れます。
SampleSampleSampleSampleSampleSampleSampleSampleSample",2020/11/12 4:42,2020/11/12 4:42
8,241,55.00,-5,"共有されるコメントです。
コツやポイントが書き込めます。
SampleSampleSampleSampleSampleSampleSampleSampleSampleSample","共有されない自分だけのメモです。
自分用にコツやポイントのメモを取れます。
SampleSampleSampleSampleSampleSampleSampleSampleSample",2020/11/18 9:58,2020/11/18 9:58
7,428,57.52,-5,"共有されるコメントです。
コツやポイントが書き込めます。
SampleSampleSampleSampleSampleSampleSampleSampleSampleSample","共有されない自分だけのメモです。
自分用にコツやポイントのメモを取れます。
SampleSampleSampleSampleSampleSampleSampleSampleSample",2020/11/23 16:47,2020/11/23 16:47
7,428,62.95,-2,"共有されるコメントです。
コツやポイントが書き込めます。
SampleSampleSampleSampleSampleSampleSampleSampleSampleSample","共有されない自分だけのメモです。
自分用にコツやポイントのメモを取れます。
SampleSampleSampleSampleSampleSampleSampleSampleSample",2020/11/27 8:05,2020/11/27 8:05
1,221,25.61,±0,"共有されるコメントです。
コツやポイントが書き込めます。
SampleSampleSampleSampleSampleSampleSampleSampleSampleSample","共有されない自分だけのメモです。
自分用にコツやポイントのメモを取れます。
SampleSampleSampleSampleSampleSampleSampleSampleSample",2020/12/1 4:45,2020/12/1 4:45
1,221,37.67,±0,"共有されるコメントです。
コツやポイントが書き込めます。
SampleSampleSampleSampleSampleSampleSampleSampleSampleSample","共有されない自分だけのメモです。
自分用にコツやポイントのメモを取れます。
SampleSampleSampleSampleSampleSampleSampleSampleSample",2020/12/2 6:20,2020/12/2 6:20
5,428,93.61,-4,"共有されるコメントです。
コツやポイントが書き込めます。
SampleSampleSampleSampleSampleSampleSampleSampleSampleSample","共有されない自分だけのメモです。
自分用にコツやポイントのメモを取れます。
SampleSampleSampleSampleSampleSampleSampleSampleSample",2020/12/6 18:06,2020/12/6 18:06
1,221,43.78,±0,"共有されるコメントです。
コツやポイントが書き込めます。
SampleSampleSampleSampleSampleSampleSampleSampleSampleSample","共有されない自分だけのメモです。
自分用にコツやポイントのメモを取れます。
SampleSampleSampleSampleSampleSampleSampleSampleSample",2020/12/9 10:31,2020/12/9 10:31
6,312,56.92,-5,"共有されるコメントです。
コツやポイントが書き込めます。
SampleSampleSampleSampleSampleSampleSampleSampleSampleSample","共有されない自分だけのメモです。
自分用にコツやポイントのメモを取れます。
SampleSampleSampleSampleSampleSampleSampleSampleSample",2020/12/16 0:00,2020/12/16 0:00
6,312,65.09,-9,"共有されるコメントです。
コツやポイントが書き込めます。
SampleSampleSampleSampleSampleSampleSampleSampleSampleSample","共有されない自分だけのメモです。
自分用にコツやポイントのメモを取れます。
SampleSampleSampleSampleSampleSampleSampleSampleSample",2020/12/16 8:11,2020/12/16 8:11
1,171,25.05,+9,"共有されるコメントです。
コツやポイントが書き込めます。
SampleSampleSampleSampleSampleSampleSampleSampleSampleSample","共有されない自分だけのメモです。
自分用にコツやポイントのメモを取れます。
SampleSampleSampleSampleSampleSampleSampleSampleSample",2020/12/22 17:13,2020/12/22 17:13
1,40,31.86,-3,"共有されるコメントです。
コツやポイントが書き込めます。
SampleSampleSampleSampleSampleSampleSampleSampleSampleSample","共有されない自分だけのメモです。
自分用にコツやポイントのメモを取れます。
SampleSampleSampleSampleSampleSampleSampleSampleSample",2020/12/23 7:44,2020/12/23 7:44
9,545,77.78,-4,"共有されるコメントです。
コツやポイントが書き込めます。
SampleSampleSampleSampleSampleSampleSampleSampleSampleSample","共有されない自分だけのメモです。
自分用にコツやポイントのメモを取れます。
SampleSampleSampleSampleSampleSampleSampleSampleSample",2020/12/31 1:17,2020/12/31 1:17
1,40,54.01,-3,"共有されるコメントです。
コツやポイントが書き込めます。
SampleSampleSampleSampleSampleSampleSampleSampleSampleSample","共有されない自分だけのメモです。
自分用にコツやポイントのメモを取れます。
SampleSampleSampleSampleSampleSampleSampleSampleSample",2021/1/5 8:19,2021/1/5 8:19
1,545,69.67,±0,"共有されるコメントです。
コツやポイントが書き込めます。
SampleSampleSampleSampleSampleSampleSampleSampleSampleSample","共有されない自分だけのメモです。
自分用にコツやポイントのメモを取れます。
SampleSampleSampleSampleSampleSampleSampleSampleSample",2021/1/10 19:33,2021/1/10 19:33
3,312,42.52,+7,"共有されるコメントです。
コツやポイントが書き込めます。
SampleSampleSampleSampleSampleSampleSampleSampleSampleSample","共有されない自分だけのメモです。
自分用にコツやポイントのメモを取れます。
SampleSampleSampleSampleSampleSampleSampleSampleSample",2021/1/11 8:30,2021/1/11 8:30
4,241,36.46,-7,"共有されるコメントです。
コツやポイントが書き込めます。
SampleSampleSampleSampleSampleSampleSampleSampleSampleSample","共有されない自分だけのメモです。
自分用にコツやポイントのメモを取れます。
SampleSampleSampleSampleSampleSampleSampleSampleSample",2021/1/24 2:48,2021/1/24 2:48
1,221,93.10,-2,"共有されるコメントです。
コツやポイントが書き込めます。
SampleSampleSampleSampleSampleSampleSampleSampleSampleSample","共有されない自分だけのメモです。
自分用にコツやポイントのメモを取れます。
SampleSampleSampleSampleSampleSampleSampleSampleSample",2021/1/24 5:30,2021/1/24 5:30
1,545,49.41,±0,"共有されるコメントです。
コツやポイントが書き込めます。
SampleSampleSampleSampleSampleSampleSampleSampleSampleSample","共有されない自分だけのメモです。
自分用にコツやポイントのメモを取れます。
SampleSampleSampleSampleSampleSampleSampleSampleSample",2021/2/4 15:22,2021/2/4 15:22
1,545,78.42,±0,"共有されるコメントです。
コツやポイントが書き込めます。
SampleSampleSampleSampleSampleSampleSampleSampleSampleSample","共有されない自分だけのメモです。
自分用にコツやポイントのメモを取れます。
SampleSampleSampleSampleSampleSampleSampleSampleSample",2021/2/6 1:00,2021/2/6 1:00
2,545,21.19,-1,"共有されるコメントです。
コツやポイントが書き込めます。
SampleSampleSampleSampleSampleSampleSampleSampleSampleSample","共有されない自分だけのメモです。
自分用にコツやポイントのメモを取れます。
SampleSampleSampleSampleSampleSampleSampleSampleSample",2021/2/7 3:16,2021/2/7 3:16
5,171,52.09,+6,"共有されるコメントです。
コツやポイントが書き込めます。
SampleSampleSampleSampleSampleSampleSampleSampleSampleSample","共有されない自分だけのメモです。
自分用にコツやポイントのメモを取れます。
SampleSampleSampleSampleSampleSampleSampleSampleSample",2021/2/7 23:05,2021/2/7 23:05
8,428,88.91,-0,"共有されるコメントです。
コツやポイントが書き込めます。
SampleSampleSampleSampleSampleSampleSampleSampleSampleSample","共有されない自分だけのメモです。
自分用にコツやポイントのメモを取れます。
SampleSampleSampleSampleSampleSampleSampleSampleSample",2021/2/10 6:46,2021/2/10 6:46
1,312,12.90,-3,"共有されるコメントです。
コツやポイントが書き込めます。
SampleSampleSampleSampleSampleSampleSampleSampleSampleSample","共有されない自分だけのメモです。
自分用にコツやポイントのメモを取れます。
SampleSampleSampleSampleSampleSampleSampleSampleSample",2021/2/14 2:48,2021/2/14 2:48
8,26,42.56,-4,"共有されるコメントです。
コツやポイントが書き込めます。
SampleSampleSampleSampleSampleSampleSampleSampleSampleSample","共有されない自分だけのメモです。
自分用にコツやポイントのメモを取れます。
SampleSampleSampleSampleSampleSampleSampleSampleSample",2021/2/15 13:17,2021/2/15 13:17
1,221,66.16,-2,"共有されるコメントです。
コツやポイントが書き込めます。
SampleSampleSampleSampleSampleSampleSampleSampleSampleSample","共有されない自分だけのメモです。
自分用にコツやポイントのメモを取れます。
SampleSampleSampleSampleSampleSampleSampleSampleSample",2021/2/16 23:50,2021/2/16 23:50
1,40,53.54,-3,"共有されるコメントです。
コツやポイントが書き込めます。
SampleSampleSampleSampleSampleSampleSampleSampleSampleSample","共有されない自分だけのメモです。
自分用にコツやポイントのメモを取れます。
SampleSampleSampleSampleSampleSampleSampleSampleSample",2021/2/18 18:24,2021/2/18 18:24
2,545,56.76,+7,"共有されるコメントです。
コツやポイントが書き込めます。
SampleSampleSampleSampleSampleSampleSampleSampleSampleSample","共有されない自分だけのメモです。
自分用にコツやポイントのメモを取れます。
SampleSampleSampleSampleSampleSampleSampleSampleSample",2021/2/20 8:36,2021/2/20 8:36
7,26,77.85,-9,"共有されるコメントです。
コツやポイントが書き込めます。
SampleSampleSampleSampleSampleSampleSampleSampleSampleSample","共有されない自分だけのメモです。
自分用にコツやポイントのメモを取れます。
SampleSampleSampleSampleSampleSampleSampleSampleSample",2021/2/26 2:42,2021/2/26 2:42
1,221,49.31,-2,"共有されるコメントです。
コツやポイントが書き込めます。
SampleSampleSampleSampleSampleSampleSampleSampleSampleSample","共有されない自分だけのメモです。
自分用にコツやポイントのメモを取れます。
SampleSampleSampleSampleSampleSampleSampleSampleSample",2021/2/26 12:04,2021/2/26 12:04
3,312,43.82,+0,"共有されるコメントです。
コツやポイントが書き込めます。
SampleSampleSampleSampleSampleSampleSampleSampleSampleSample","共有されない自分だけのメモです。
自分用にコツやポイントのメモを取れます。
SampleSampleSampleSampleSampleSampleSampleSampleSample",2021/3/6 1:46,2021/3/6 1:46
9,40,59.48,+5,"共有されるコメントです。
コツやポイントが書き込めます。
SampleSampleSampleSampleSampleSampleSampleSampleSampleSample","共有されない自分だけのメモです。
自分用にコツやポイントのメモを取れます。
SampleSampleSampleSampleSampleSampleSampleSampleSample",2021/3/6 4:09,2021/3/6 4:09
3,428,87.40,-6,"共有されるコメントです。
コツやポイントが書き込めます。
SampleSampleSampleSampleSampleSampleSampleSampleSampleSample","共有されない自分だけのメモです。
自分用にコツやポイントのメモを取れます。
SampleSampleSampleSampleSampleSampleSampleSampleSample",2021/3/7 1:54,2021/3/7 1:54
1,241,21.40,+2,"共有されるコメントです。
コツやポイントが書き込めます。
SampleSampleSampleSampleSampleSampleSampleSampleSampleSample","共有されない自分だけのメモです。
自分用にコツやポイントのメモを取れます。
SampleSampleSampleSampleSampleSampleSampleSampleSample",2021/3/12 21:48,2021/3/12 21:48
3,545,19.51,±0,"共有されるコメントです。
コツやポイントが書き込めます。
SampleSampleSampleSampleSampleSampleSampleSampleSampleSample","共有されない自分だけのメモです。
自分用にコツやポイントのメモを取れます。
SampleSampleSampleSampleSampleSampleSampleSampleSample",2021/3/18 16:24,2021/3/18 16:24
9,171,63.06,-6,"共有されるコメントです。
コツやポイントが書き込めます。
SampleSampleSampleSampleSampleSampleSampleSampleSampleSample","共有されない自分だけのメモです。
自分用にコツやポイントのメモを取れます。
SampleSampleSampleSampleSampleSampleSampleSampleSample",2021/3/25 9:13,2021/3/25 9:13
9,26,17.33,+7,"共有されるコメントです。
コツやポイントが書き込めます。
SampleSampleSampleSampleSampleSampleSampleSampleSampleSample","共有されない自分だけのメモです。
自分用にコツやポイントのメモを取れます。
SampleSampleSampleSampleSampleSampleSampleSampleSample",2021/3/27 17:14,2021/3/27 17:14
1,545,35.29,±0,"共有されるコメントです。
コツやポイントが書き込めます。
SampleSampleSampleSampleSampleSampleSampleSampleSampleSample","共有されない自分だけのメモです。
自分用にコツやポイントのメモを取れます。
SampleSampleSampleSampleSampleSampleSampleSampleSample",2021/4/2 10:32,2021/4/2 10:32
1,428,26.93,-7,"共有されるコメントです。
コツやポイントが書き込めます。
SampleSampleSampleSampleSampleSampleSampleSampleSampleSample","共有されない自分だけのメモです。
自分用にコツやポイントのメモを取れます。
SampleSampleSampleSampleSampleSampleSampleSampleSample",2021/4/6 4:11,2021/4/6 4:11
1,221,72.68,-4,"共有されるコメントです。
コツやポイントが書き込めます。
SampleSampleSampleSampleSampleSampleSampleSampleSampleSample","共有されない自分だけのメモです。
自分用にコツやポイントのメモを取れます。
SampleSampleSampleSampleSampleSampleSampleSampleSample",2021/4/7 6:18,2021/4/7 6:18
6,221,26.67,-3,"共有されるコメントです。
コツやポイントが書き込めます。
SampleSampleSampleSampleSampleSampleSampleSampleSampleSample","共有されない自分だけのメモです。
自分用にコツやポイントのメモを取れます。
SampleSampleSampleSampleSampleSampleSampleSampleSample",2021/4/12 1:15,2021/4/12 1:15
8,221,46.39,+3,"共有されるコメントです。
コツやポイントが書き込めます。
SampleSampleSampleSampleSampleSampleSampleSampleSampleSample","共有されない自分だけのメモです。
自分用にコツやポイントのメモを取れます。
SampleSampleSampleSampleSampleSampleSampleSampleSample",2021/4/18 8:48,2021/4/18 8:48
5,40,49.35,-7,"共有されるコメントです。
コツやポイントが書き込めます。
SampleSampleSampleSampleSampleSampleSampleSampleSampleSample","共有されない自分だけのメモです。
自分用にコツやポイントのメモを取れます。
SampleSampleSampleSampleSampleSampleSampleSampleSample",2021/4/18 14:21,2021/4/18 14:21
9,312,71.13,+6,"共有されるコメントです。
コツやポイントが書き込めます。
SampleSampleSampleSampleSampleSampleSampleSampleSampleSample","共有されない自分だけのメモです。
自分用にコツやポイントのメモを取れます。
SampleSampleSampleSampleSampleSampleSampleSampleSample",2021/4/30 7:51,2021/4/30 7:51
9,171,15.13,+8,"共有されるコメントです。
コツやポイントが書き込めます。
SampleSampleSampleSampleSampleSampleSampleSampleSampleSample","共有されない自分だけのメモです。
自分用にコツやポイントのメモを取れます。
SampleSampleSampleSampleSampleSampleSampleSampleSample",2021/4/30 9:19,2021/4/30 9:19
1,545,56.47,±0,"共有されるコメントです。
コツやポイントが書き込めます。
SampleSampleSampleSampleSampleSampleSampleSampleSampleSample","共有されない自分だけのメモです。
自分用にコツやポイントのメモを取れます。
SampleSampleSampleSampleSampleSampleSampleSampleSample",2021/5/8 4:00,2021/5/8 4:00
6,312,98.71,+3,"共有されるコメントです。
コツやポイントが書き込めます。
SampleSampleSampleSampleSampleSampleSampleSampleSampleSample","共有されない自分だけのメモです。
自分用にコツやポイントのメモを取れます。
SampleSampleSampleSampleSampleSampleSampleSampleSample",2021/5/10 23:34,2021/5/10 23:34
7,40,74.04,-4,"共有されるコメントです。
コツやポイントが書き込めます。
SampleSampleSampleSampleSampleSampleSampleSampleSampleSample","共有されない自分だけのメモです。
自分用にコツやポイントのメモを取れます。
SampleSampleSampleSampleSampleSampleSampleSampleSample",2021/5/15 18:18,2021/5/15 18:18
1,221,85.90,-2,"共有されるコメントです。
コツやポイントが書き込めます。
SampleSampleSampleSampleSampleSampleSampleSampleSampleSample","共有されない自分だけのメモです。
自分用にコツやポイントのメモを取れます。
SampleSampleSampleSampleSampleSampleSampleSampleSample",2021/5/17 23:58,2021/5/17 23:58
1,221,85.89,-2,"共有されるコメントです。
コツやポイントが書き込めます。
SampleSampleSampleSampleSampleSampleSampleSampleSampleSample","共有されない自分だけのメモです。
自分用にコツやポイントのメモを取れます。
SampleSampleSampleSampleSampleSampleSampleSampleSample",2021/5/21 17:27,2021/5/21 17:27
1,221,75.51,-2,"共有されるコメントです。
コツやポイントが書き込めます。
SampleSampleSampleSampleSampleSampleSampleSampleSampleSample","共有されない自分だけのメモです。
自分用にコツやポイントのメモを取れます。
SampleSampleSampleSampleSampleSampleSampleSampleSample",2021/5/25 6:02,2021/5/25 6:02
4,545,42.08,+7,"共有されるコメントです。
コツやポイントが書き込めます。
SampleSampleSampleSampleSampleSampleSampleSampleSampleSample","共有されない自分だけのメモです。
自分用にコツやポイントのメモを取れます。
SampleSampleSampleSampleSampleSampleSampleSampleSample",2021/5/27 21:58,2021/5/27 21:58
6,545,92.90,-9,"共有されるコメントです。
コツやポイントが書き込めます。
SampleSampleSampleSampleSampleSampleSampleSampleSampleSample","共有されない自分だけのメモです。
自分用にコツやポイントのメモを取れます。
SampleSampleSampleSampleSampleSampleSampleSampleSample",2021/5/29 0:17,2021/5/29 0:17
1,221,93.12,-2,"共有されるコメントです。
コツやポイントが書き込めます。
SampleSampleSampleSampleSampleSampleSampleSampleSampleSample","共有されない自分だけのメモです。
自分用にコツやポイントのメモを取れます。
SampleSampleSampleSampleSampleSampleSampleSampleSample",2021/5/29 22:20,2021/5/29 22:20
3,545,54.77,-9,"共有されるコメントです。
コツやポイントが書き込めます。
SampleSampleSampleSampleSampleSampleSampleSampleSampleSample","共有されない自分だけのメモです。
自分用にコツやポイントのメモを取れます。
SampleSampleSampleSampleSampleSampleSampleSampleSample",2021/6/5 5:07,2021/6/5 5:07
5,312,53.78,-5,"共有されるコメントです。
コツやポイントが書き込めます。
SampleSampleSampleSampleSampleSampleSampleSampleSampleSample","共有されない自分だけのメモです。
自分用にコツやポイントのメモを取れます。
SampleSampleSampleSampleSampleSampleSampleSampleSample",2021/6/8 3:27,2021/6/8 3:27
1,221,65.71,-2,"共有されるコメントです。
コツやポイントが書き込めます。
SampleSampleSampleSampleSampleSampleSampleSampleSampleSample","共有されない自分だけのメモです。
自分用にコツやポイントのメモを取れます。
SampleSampleSampleSampleSampleSampleSampleSampleSample",2021/6/13 9:08,2021/6/13 9:08
6,312,26.86,+6,"共有されるコメントです。
コツやポイントが書き込めます。
SampleSampleSampleSampleSampleSampleSampleSampleSampleSample","共有されない自分だけのメモです。
自分用にコツやポイントのメモを取れます。
SampleSampleSampleSampleSampleSampleSampleSampleSample",2021/6/22 0:13,2021/6/22 0:13
4,171,94.58,-6,"共有されるコメントです。
コツやポイントが書き込めます。
SampleSampleSampleSampleSampleSampleSampleSampleSampleSample","共有されない自分だけのメモです。
自分用にコツやポイントのメモを取れます。
SampleSampleSampleSampleSampleSampleSampleSampleSample",2021/6/24 14:27,2021/6/24 14:27
4,221,15.91,+5,"共有されるコメントです。
コツやポイントが書き込めます。
SampleSampleSampleSampleSampleSampleSampleSampleSampleSample","共有されない自分だけのメモです。
自分用にコツやポイントのメモを取れます。
SampleSampleSampleSampleSampleSampleSampleSampleSample",2021/6/26 23:14,2021/6/26 23:14
2,241,36.54,+5,"共有されるコメントです。
コツやポイントが書き込めます。
SampleSampleSampleSampleSampleSampleSampleSampleSampleSample","共有されない自分だけのメモです。
自分用にコツやポイントのメモを取れます。
SampleSampleSampleSampleSampleSampleSampleSampleSample",2021/7/3 12:42,2021/7/3 12:42
1,221,95.92,-2,"共有されるコメントです。
コツやポイントが書き込めます。
SampleSampleSampleSampleSampleSampleSampleSampleSampleSample","共有されない自分だけのメモです。
自分用にコツやポイントのメモを取れます。
SampleSampleSampleSampleSampleSampleSampleSampleSample",2021/7/5 21:08,2021/7/5 21:08
2,241,34.32,+4,"共有されるコメントです。
コツやポイントが書き込めます。
SampleSampleSampleSampleSampleSampleSampleSampleSampleSample","共有されない自分だけのメモです。
自分用にコツやポイントのメモを取れます。
SampleSampleSampleSampleSampleSampleSampleSampleSample",2021/7/6 1:22,2021/7/6 1:22
1,221,93.24,-2,"共有されるコメントです。
コツやポイントが書き込めます。
SampleSampleSampleSampleSampleSampleSampleSampleSampleSample","共有されない自分だけのメモです。
自分用にコツやポイントのメモを取れます。
SampleSampleSampleSampleSampleSampleSampleSampleSample",2021/7/8 22:14,2021/7/8 22:14
1,241,42.60,+6,"共有されるコメントです。
コツやポイントが書き込めます。
SampleSampleSampleSampleSampleSampleSampleSampleSampleSample","共有されない自分だけのメモです。
自分用にコツやポイントのメモを取れます。
SampleSampleSampleSampleSampleSampleSampleSampleSample",2021/7/23 6:45,2021/7/23 6:45
4,241,93.09,±0,"共有されるコメントです。
コツやポイントが書き込めます。
SampleSampleSampleSampleSampleSampleSampleSampleSampleSample","共有されない自分だけのメモです。
自分用にコツやポイントのメモを取れます。
SampleSampleSampleSampleSampleSampleSampleSampleSample",2021/7/27 15:22,2021/7/27 15:22
1,545,49.07,±0,"共有されるコメントです。
コツやポイントが書き込めます。
SampleSampleSampleSampleSampleSampleSampleSampleSampleSample","共有されない自分だけのメモです。
自分用にコツやポイントのメモを取れます。
SampleSampleSampleSampleSampleSampleSampleSampleSample",2021/8/4 17:30,2021/8/4 17:30
5,40,71.85,+4,"共有されるコメントです。
コツやポイントが書き込めます。
SampleSampleSampleSampleSampleSampleSampleSampleSampleSample","共有されない自分だけのメモです。
自分用にコツやポイントのメモを取れます。
SampleSampleSampleSampleSampleSampleSampleSampleSample",2021/8/11 19:55,2021/8/11 19:55
1,545,55.98,±0,"共有されるコメントです。
コツやポイントが書き込めます。
SampleSampleSampleSampleSampleSampleSampleSampleSampleSample","共有されない自分だけのメモです。
自分用にコツやポイントのメモを取れます。
SampleSampleSampleSampleSampleSampleSampleSampleSample",2021/8/11 20:04,2021/8/11 20:04
4,453,23.14,±0,"共有されるコメントです。
コツやポイントが書き込めます。
SampleSampleSampleSampleSampleSampleSampleSampleSampleSample","共有されない自分だけのメモです。
自分用にコツやポイントのメモを取れます。
SampleSampleSampleSampleSampleSampleSampleSampleSample",2021/8/14 1:33,2021/8/14 1:33
1,545,61.89,±0,"共有されるコメントです。
コツやポイントが書き込めます。
SampleSampleSampleSampleSampleSampleSampleSampleSampleSample","共有されない自分だけのメモです。
自分用にコツやポイントのメモを取れます。
SampleSampleSampleSampleSampleSampleSampleSampleSample",2021/8/21 13:45,2021/8/21 13:45
1,40,84.53,-3,"共有されるコメントです。
コツやポイントが書き込めます。
SampleSampleSampleSampleSampleSampleSampleSampleSampleSample","共有されない自分だけのメモです。
自分用にコツやポイントのメモを取れます。
SampleSampleSampleSampleSampleSampleSampleSampleSample",2021/8/24 1:54,2021/8/24 1:54
6,171,47.89,±0,"共有されるコメントです。
コツやポイントが書き込めます。
SampleSampleSampleSampleSampleSampleSampleSampleSampleSample","共有されない自分だけのメモです。
自分用にコツやポイントのメモを取れます。
SampleSampleSampleSampleSampleSampleSampleSampleSample",2021/8/24 1:55,2021/8/24 1:55
6,428,75.22,-1,"共有されるコメントです。
コツやポイントが書き込めます。
SampleSampleSampleSampleSampleSampleSampleSampleSampleSample","共有されない自分だけのメモです。
自分用にコツやポイントのメモを取れます。
SampleSampleSampleSampleSampleSampleSampleSampleSample",2021/8/25 17:35,2021/8/25 17:35
1,40,22.64,-3,"共有されるコメントです。
コツやポイントが書き込めます。
SampleSampleSampleSampleSampleSampleSampleSampleSampleSample","共有されない自分だけのメモです。
自分用にコツやポイントのメモを取れます。
SampleSampleSampleSampleSampleSampleSampleSampleSample",2021/8/30 18:30,2021/8/30 18:30
4,26,97.82,-1,"共有されるコメントです。
コツやポイントが書き込めます。
SampleSampleSampleSampleSampleSampleSampleSampleSampleSample","共有されない自分だけのメモです。
自分用にコツやポイントのメモを取れます。
SampleSampleSampleSampleSampleSampleSampleSampleSample",2021/9/5 21:14,2021/9/5 21:14
1,221,73.15,-2,"共有されるコメントです。
コツやポイントが書き込めます。
SampleSampleSampleSampleSampleSampleSampleSampleSampleSample","共有されない自分だけのメモです。
自分用にコツやポイントのメモを取れます。
SampleSampleSampleSampleSampleSampleSampleSampleSample",2021/9/7 22:03,2021/9/7 22:03
1,545,77.37,±0,"共有されるコメントです。
コツやポイントが書き込めます。
SampleSampleSampleSampleSampleSampleSampleSampleSampleSample","共有されない自分だけのメモです。
自分用にコツやポイントのメモを取れます。
SampleSampleSampleSampleSampleSampleSampleSampleSample",2021/9/12 11:11,2021/9/12 11:11
1,221,95.92,-2,"共有されるコメントです。
コツやポイントが書き込めます。
SampleSampleSampleSampleSampleSampleSampleSampleSampleSample","共有されない自分だけのメモです。
自分用にコツやポイントのメモを取れます。
SampleSampleSampleSampleSampleSampleSampleSampleSample",2021/9/17 23:59,2021/9/17 23:59
1,40,79.15,-3,"共有されるコメントです。
コツやポイントが書き込めます。
SampleSampleSampleSampleSampleSampleSampleSampleSampleSample","共有されない自分だけのメモです。
自分用にコツやポイントのメモを取れます。
SampleSampleSampleSampleSampleSampleSampleSampleSample",2021/9/21 18:00,2021/9/21 18:00
1,221,88.36,-2,"共有されるコメントです。
コツやポイントが書き込めます。
SampleSampleSampleSampleSampleSampleSampleSampleSampleSample","共有されない自分だけのメモです。
自分用にコツやポイントのメモを取れます。
SampleSampleSampleSampleSampleSampleSampleSampleSample",2021/9/30 12:36,2021/9/30 12:36
7,545,87.54,+3,"共有されるコメントです。
コツやポイントが書き込めます。
SampleSampleSampleSampleSampleSampleSampleSampleSampleSample","共有されない自分だけのメモです。
自分用にコツやポイントのメモを取れます。
SampleSampleSampleSampleSampleSampleSampleSampleSample",2021/10/13 14:51,2021/10/13 14:51
1,312,61.94,-0,"共有されるコメントです。
コツやポイントが書き込めます。
SampleSampleSampleSampleSampleSampleSampleSampleSampleSample","共有されない自分だけのメモです。
自分用にコツやポイントのメモを取れます。
SampleSampleSampleSampleSampleSampleSampleSampleSample",2021/10/14 17:58,2021/10/14 17:58
3,26,65.38,+4,"共有されるコメントです。
コツやポイントが書き込めます。
SampleSampleSampleSampleSampleSampleSampleSampleSampleSample","共有されない自分だけのメモです。
自分用にコツやポイントのメモを取れます。
SampleSampleSampleSampleSampleSampleSampleSampleSample",2021/10/16 22:37,2021/10/16 22:37
1,545,52.70,±0,"共有されるコメントです。
コツやポイントが書き込めます。
SampleSampleSampleSampleSampleSampleSampleSampleSampleSample","共有されない自分だけのメモです。
自分用にコツやポイントのメモを取れます。
SampleSampleSampleSampleSampleSampleSampleSampleSample",2021/10/18 8:33,2021/10/18 8:33
1,312,72.23,+0,"共有されるコメントです。
コツやポイントが書き込めます。
SampleSampleSampleSampleSampleSampleSampleSampleSampleSample","共有されない自分だけのメモです。
自分用にコツやポイントのメモを取れます。
SampleSampleSampleSampleSampleSampleSampleSampleSample",2021/10/19 12:11,2021/10/19 12:11
4,545,81.32,+9,"共有されるコメントです。
コツやポイントが書き込めます。
SampleSampleSampleSampleSampleSampleSampleSampleSampleSample","共有されない自分だけのメモです。
自分用にコツやポイントのメモを取れます。
SampleSampleSampleSampleSampleSampleSampleSampleSample",2021/10/20 1:15,2021/10/20 1:15
1,40,89.83,-3,"共有されるコメントです。
コツやポイントが書き込めます。
SampleSampleSampleSampleSampleSampleSampleSampleSampleSample","共有されない自分だけのメモです。
自分用にコツやポイントのメモを取れます。
SampleSampleSampleSampleSampleSampleSampleSampleSample",2021/10/20 7:17,2021/10/20 7:17
4,26,89.68,-7,"共有されるコメントです。
コツやポイントが書き込めます。
SampleSampleSampleSampleSampleSampleSampleSampleSampleSample","共有されない自分だけのメモです。
自分用にコツやポイントのメモを取れます。
SampleSampleSampleSampleSampleSampleSampleSampleSample",2021/10/28 5:18,2021/10/28 5:18
1,221,93.12,-2,"共有されるコメントです。
コツやポイントが書き込めます。
SampleSampleSampleSampleSampleSampleSampleSampleSampleSample","共有されない自分だけのメモです。
自分用にコツやポイントのメモを取れます。
SampleSampleSampleSampleSampleSampleSampleSampleSample",2021/11/4 3:18,2021/11/4 3:18
1,40,29.18,-3,"共有されるコメントです。
コツやポイントが書き込めます。
SampleSampleSampleSampleSampleSampleSampleSampleSampleSample","共有されない自分だけのメモです。
自分用にコツやポイントのメモを取れます。
SampleSampleSampleSampleSampleSampleSampleSampleSample",2021/11/17 9:36,2021/11/17 9:36
1,221,59.05,-2,"共有されるコメントです。
コツやポイントが書き込めます。
SampleSampleSampleSampleSampleSampleSampleSampleSampleSample","共有されない自分だけのメモです。
自分用にコツやポイントのメモを取れます。
SampleSampleSampleSampleSampleSampleSampleSampleSample",2021/11/24 15:29,2021/11/24 15:29
1,545,92.07,+9,"共有されるコメントです。
コツやポイントが書き込めます。
SampleSampleSampleSampleSampleSampleSampleSampleSampleSample","共有されない自分だけのメモです。
自分用にコツやポイントのメモを取れます。
SampleSampleSampleSampleSampleSampleSampleSampleSample",2021/11/24 20:47,2021/11/24 20:47
1,40,61.89,-3,"共有されるコメントです。
コツやポイントが書き込めます。
SampleSampleSampleSampleSampleSampleSampleSampleSampleSample","共有されない自分だけのメモです。
自分用にコツやポイントのメモを取れます。
SampleSampleSampleSampleSampleSampleSampleSampleSample",2021/11/30 22:46,2021/11/30 22:46
7,171,36.54,+5,"共有されるコメントです。
コツやポイントが書き込めます。
SampleSampleSampleSampleSampleSampleSampleSampleSampleSample","共有されない自分だけのメモです。
自分用にコツやポイントのメモを取れます。
SampleSampleSampleSampleSampleSampleSampleSampleSample",2021/12/2 11:32,2021/12/2 11:32
7,241,82.72,+4,"共有されるコメントです。
コツやポイントが書き込めます。
SampleSampleSampleSampleSampleSampleSampleSampleSampleSample","共有されない自分だけのメモです。
自分用にコツやポイントのメモを取れます。
SampleSampleSampleSampleSampleSampleSampleSampleSample",2021/12/6 6:50,2021/12/6 6:50
4,241,75.42,-6,"共有されるコメントです。
コツやポイントが書き込めます。
SampleSampleSampleSampleSampleSampleSampleSampleSampleSample","共有されない自分だけのメモです。
自分用にコツやポイントのメモを取れます。
SampleSampleSampleSampleSampleSampleSampleSampleSample",2021/12/10 19:59,2021/12/10 19:59
5,171,94.38,-4,"共有されるコメントです。
コツやポイントが書き込めます。
SampleSampleSampleSampleSampleSampleSampleSampleSampleSample","共有されない自分だけのメモです。
自分用にコツやポイントのメモを取れます。
SampleSampleSampleSampleSampleSampleSampleSampleSample",2021/12/16 10:01,2021/12/16 10:01
4,26,29.15,-6,"共有されるコメントです。
コツやポイントが書き込めます。
SampleSampleSampleSampleSampleSampleSampleSampleSampleSample","共有されない自分だけのメモです。
自分用にコツやポイントのメモを取れます。
SampleSampleSampleSampleSampleSampleSampleSampleSample",2021/12/20 18:32,2021/12/20 18:32
5,171,69.80,+7,"共有されるコメントです。
コツやポイントが書き込めます。
SampleSampleSampleSampleSampleSampleSampleSampleSampleSample","共有されない自分だけのメモです。
自分用にコツやポイントのメモを取れます。
SampleSampleSampleSampleSampleSampleSampleSampleSample",2021/12/24 21:45,2021/12/24 21:45
1,312,93.87,-3,"共有されるコメントです。
コツやポイントが書き込めます。
SampleSampleSampleSampleSampleSampleSampleSampleSampleSample","共有されない自分だけのメモです。
自分用にコツやポイントのメモを取れます。
SampleSampleSampleSampleSampleSampleSampleSampleSample",2022/1/1 11:06,2022/1/1 11:06
7,428,17.21,+9,"共有されるコメントです。
コツやポイントが書き込めます。
SampleSampleSampleSampleSampleSampleSampleSampleSampleSample","共有されない自分だけのメモです。
自分用にコツやポイントのメモを取れます。
SampleSampleSampleSampleSampleSampleSampleSampleSample",2022/1/3 22:13,2022/1/3 22:13
7,545,55.89,-2,"共有されるコメントです。
コツやポイントが書き込めます。
SampleSampleSampleSampleSampleSampleSampleSampleSampleSample","共有されない自分だけのメモです。
自分用にコツやポイントのメモを取れます。
SampleSampleSampleSampleSampleSampleSampleSampleSample",2022/1/7 13:36,2022/1/7 13:36
8,428,98.72,-4,"共有されるコメントです。
コツやポイントが書き込めます。
SampleSampleSampleSampleSampleSampleSampleSampleSampleSample","共有されない自分だけのメモです。
自分用にコツやポイントのメモを取れます。
SampleSampleSampleSampleSampleSampleSampleSampleSample",2022/1/8 22:45,2022/1/8 22:45
5,241,68.62,+8,"共有されるコメントです。
コツやポイントが書き込めます。
SampleSampleSampleSampleSampleSampleSampleSampleSampleSample","共有されない自分だけのメモです。
自分用にコツやポイントのメモを取れます。
SampleSampleSampleSampleSampleSampleSampleSampleSample",2022/1/11 3:07,2022/1/11 3:07
2,171,79.35,+6,"共有されるコメントです。
コツやポイントが書き込めます。
SampleSampleSampleSampleSampleSampleSampleSampleSampleSample","共有されない自分だけのメモです。
自分用にコツやポイントのメモを取れます。
SampleSampleSampleSampleSampleSampleSampleSampleSample",2022/1/13 0:45,2022/1/13 0:45
7,40,84.25,+3,"共有されるコメントです。
コツやポイントが書き込めます。
SampleSampleSampleSampleSampleSampleSampleSampleSampleSample","共有されない自分だけのメモです。
自分用にコツやポイントのメモを取れます。
SampleSampleSampleSampleSampleSampleSampleSampleSample",2022/1/18 23:49,2022/1/18 23:49
1,40,68.51,-3,"共有されるコメントです。
コツやポイントが書き込めます。
SampleSampleSampleSampleSampleSampleSampleSampleSampleSample","共有されない自分だけのメモです。
自分用にコツやポイントのメモを取れます。
SampleSampleSampleSampleSampleSampleSampleSampleSample",2022/1/19 19:39,2022/1/19 19:39
8,171,98.55,-7,"共有されるコメントです。
コツやポイントが書き込めます。
SampleSampleSampleSampleSampleSampleSampleSampleSampleSample","共有されない自分だけのメモです。
自分用にコツやポイントのメモを取れます。
SampleSampleSampleSampleSampleSampleSampleSampleSample",2022/1/24 14:43,2022/1/24 14:43
1,221,64.16,-2,"共有されるコメントです。
コツやポイントが書き込めます。
SampleSampleSampleSampleSampleSampleSampleSampleSampleSample","共有されない自分だけのメモです。
自分用にコツやポイントのメモを取れます。
SampleSampleSampleSampleSampleSampleSampleSampleSample",2022/1/25 15:06,2022/1/25 15:06
1,26,28.45,+4,"共有されるコメントです。
コツやポイントが書き込めます。
SampleSampleSampleSampleSampleSampleSampleSampleSampleSample","共有されない自分だけのメモです。
自分用にコツやポイントのメモを取れます。
SampleSampleSampleSampleSampleSampleSampleSampleSample",2022/1/31 15:32,2022/1/31 15:32
7,428,46.98,-4,"共有されるコメントです。
コツやポイントが書き込めます。
SampleSampleSampleSampleSampleSampleSampleSampleSampleSample","共有されない自分だけのメモです。
自分用にコツやポイントのメモを取れます。
SampleSampleSampleSampleSampleSampleSampleSampleSample",2022/2/1 14:59,2022/2/1 14:59
4,241,97.43,+2,"共有されるコメントです。
コツやポイントが書き込めます。
SampleSampleSampleSampleSampleSampleSampleSampleSampleSample","共有されない自分だけのメモです。
自分用にコツやポイントのメモを取れます。
SampleSampleSampleSampleSampleSampleSampleSampleSample",2022/2/2 22:01,2022/2/2 22:01
1,221,94.97,-2,"共有されるコメントです。
コツやポイントが書き込めます。
SampleSampleSampleSampleSampleSampleSampleSampleSampleSample","共有されない自分だけのメモです。
自分用にコツやポイントのメモを取れます。
SampleSampleSampleSampleSampleSampleSampleSampleSample",2022/2/7 14:18,2022/2/7 14:18
1,545,57.34,±0,"共有されるコメントです。
コツやポイントが書き込めます。
SampleSampleSampleSampleSampleSampleSampleSampleSampleSample","共有されない自分だけのメモです。
自分用にコツやポイントのメモを取れます。
SampleSampleSampleSampleSampleSampleSampleSampleSample",2022/2/8 19:22,2022/2/8 19:22
8,312,47.59,-6,"共有されるコメントです。
コツやポイントが書き込めます。
SampleSampleSampleSampleSampleSampleSampleSampleSampleSample","共有されない自分だけのメモです。
自分用にコツやポイントのメモを取れます。
SampleSampleSampleSampleSampleSampleSampleSampleSample",2022/2/14 22:45,2022/2/14 22:45
8,545,61.98,-1,"共有されるコメントです。
コツやポイントが書き込めます。
SampleSampleSampleSampleSampleSampleSampleSampleSampleSample","共有されない自分だけのメモです。
自分用にコツやポイントのメモを取れます。
SampleSampleSampleSampleSampleSampleSampleSampleSample",2022/2/17 16:29,2022/2/17 16:29
1,221,97.47,-2,"共有されるコメントです。
コツやポイントが書き込めます。
SampleSampleSampleSampleSampleSampleSampleSampleSampleSample","共有されない自分だけのメモです。
自分用にコツやポイントのメモを取れます。
SampleSampleSampleSampleSampleSampleSampleSampleSample",2022/2/18 8:16,2022/2/18 8:16
1,221,93.83,-2,"共有されるコメントです。
コツやポイントが書き込めます。
SampleSampleSampleSampleSampleSampleSampleSampleSampleSample","共有されない自分だけのメモです。
自分用にコツやポイントのメモを取れます。
SampleSampleSampleSampleSampleSampleSampleSampleSample",2022/2/20 21:18,2022/2/20 21:18
1,428,89.01,±0,"共有されるコメントです。
コツやポイントが書き込めます。
SampleSampleSampleSampleSampleSampleSampleSampleSampleSample","共有されない自分だけのメモです。
自分用にコツやポイントのメモを取れます。
SampleSampleSampleSampleSampleSampleSampleSampleSample",2022/2/23 6:57,2022/2/23 6:57
2,221,69.94,-1,"共有されるコメントです。
コツやポイントが書き込めます。
SampleSampleSampleSampleSampleSampleSampleSampleSampleSample","共有されない自分だけのメモです。
自分用にコツやポイントのメモを取れます。
SampleSampleSampleSampleSampleSampleSampleSampleSample",2022/2/25 7:43,2022/2/25 7:43
5,453,38.99,+3,"共有されるコメントです。
コツやポイントが書き込めます。
SampleSampleSampleSampleSampleSampleSampleSampleSampleSample","共有されない自分だけのメモです。
自分用にコツやポイントのメモを取れます。
SampleSampleSampleSampleSampleSampleSampleSampleSample",2022/2/28 3:03,2022/2/28 3:03
2,312,96.29,-9,"共有されるコメントです。
コツやポイントが書き込めます。
SampleSampleSampleSampleSampleSampleSampleSampleSampleSample","共有されない自分だけのメモです。
自分用にコツやポイントのメモを取れます。
SampleSampleSampleSampleSampleSampleSampleSampleSample",2022/3/3 23:30,2022/3/3 23:30
8,428,75.71,-6,"共有されるコメントです。
コツやポイントが書き込めます。
SampleSampleSampleSampleSampleSampleSampleSampleSampleSample","共有されない自分だけのメモです。
自分用にコツやポイントのメモを取れます。
SampleSampleSampleSampleSampleSampleSampleSampleSample",2022/3/10 18:35,2022/3/10 18:35
3,26,73.84,+0,"共有されるコメントです。
コツやポイントが書き込めます。
SampleSampleSampleSampleSampleSampleSampleSampleSampleSample","共有されない自分だけのメモです。
自分用にコツやポイントのメモを取れます。
SampleSampleSampleSampleSampleSampleSampleSampleSample",2022/3/16 16:43,2022/3/16 16:43
1,221,52.78,-2,"共有されるコメントです。
コツやポイントが書き込めます。
SampleSampleSampleSampleSampleSampleSampleSampleSampleSample","共有されない自分だけのメモです。
自分用にコツやポイントのメモを取れます。
SampleSampleSampleSampleSampleSampleSampleSampleSample",2022/3/19 14:44,2022/3/19 14:44
3,171,34.99,+3,"共有されるコメントです。
コツやポイントが書き込めます。
SampleSampleSampleSampleSampleSampleSampleSampleSampleSample","共有されない自分だけのメモです。
自分用にコツやポイントのメモを取れます。
SampleSampleSampleSampleSampleSampleSampleSampleSample",2022/3/22 0:49,2022/3/22 0:49
7,241,31.86,±0,"共有されるコメントです。
コツやポイントが書き込めます。
SampleSampleSampleSampleSampleSampleSampleSampleSampleSample","共有されない自分だけのメモです。
自分用にコツやポイントのメモを取れます。
SampleSampleSampleSampleSampleSampleSampleSampleSample",2022/3/22 7:07,2022/3/22 7:07
4,26,15.33,-5,"共有されるコメントです。
コツやポイントが書き込めます。
SampleSampleSampleSampleSampleSampleSampleSampleSampleSample","共有されない自分だけのメモです。
自分用にコツやポイントのメモを取れます。
SampleSampleSampleSampleSampleSampleSampleSampleSample",2022/3/26 3:36,2022/3/26 3:36
3,221,39.65,+3,"共有されるコメントです。
コツやポイントが書き込めます。
SampleSampleSampleSampleSampleSampleSampleSampleSampleSample","共有されない自分だけのメモです。
自分用にコツやポイントのメモを取れます。
SampleSampleSampleSampleSampleSampleSampleSampleSample",2022/3/27 15:21,2022/3/27 15:21
8,428,74.56,+5,"共有されるコメントです。
コツやポイントが書き込めます。
SampleSampleSampleSampleSampleSampleSampleSampleSampleSample","共有されない自分だけのメモです。
自分用にコツやポイントのメモを取れます。
SampleSampleSampleSampleSampleSampleSampleSampleSample",2022/3/27 21:14,2022/3/27 21:14
3,221,61.20,+7,"共有されるコメントです。
コツやポイントが書き込めます。
SampleSampleSampleSampleSampleSampleSampleSampleSampleSample","共有されない自分だけのメモです。
自分用にコツやポイントのメモを取れます。
SampleSampleSampleSampleSampleSampleSampleSampleSample",2022/4/3 0:35,2022/4/3 0:35
4,26,49.36,-1,"共有されるコメントです。
コツやポイントが書き込めます。
SampleSampleSampleSampleSampleSampleSampleSampleSampleSample","共有されない自分だけのメモです。
自分用にコツやポイントのメモを取れます。
SampleSampleSampleSampleSampleSampleSampleSampleSample",2022/4/6 0:36,2022/4/6 0:36
4,221,84.87,-6,"共有されるコメントです。
コツやポイントが書き込めます。
SampleSampleSampleSampleSampleSampleSampleSampleSampleSample","共有されない自分だけのメモです。
自分用にコツやポイントのメモを取れます。
SampleSampleSampleSampleSampleSampleSampleSampleSample",2022/4/11 10:04,2022/4/11 10:04
1,545,19.58,+5,"共有されるコメントです。
コツやポイントが書き込めます。
SampleSampleSampleSampleSampleSampleSampleSampleSampleSample","共有されない自分だけのメモです。
自分用にコツやポイントのメモを取れます。
SampleSampleSampleSampleSampleSampleSampleSampleSample",2022/4/15 21:29,2022/4/15 21:29
8,221,59.03,-0,"共有されるコメントです。
コツやポイントが書き込めます。
SampleSampleSampleSampleSampleSampleSampleSampleSampleSample","共有されない自分だけのメモです。
自分用にコツやポイントのメモを取れます。
SampleSampleSampleSampleSampleSampleSampleSampleSample",2022/4/22 9:34,2022/4/22 9:34
8,26,24.16,-3,"共有されるコメントです。
コツやポイントが書き込めます。
SampleSampleSampleSampleSampleSampleSampleSampleSampleSample","共有されない自分だけのメモです。
自分用にコツやポイントのメモを取れます。
SampleSampleSampleSampleSampleSampleSampleSampleSample",2022/4/23 10:15,2022/4/23 10:15
7,40,36.26,+1,"共有されるコメントです。
コツやポイントが書き込めます。
SampleSampleSampleSampleSampleSampleSampleSampleSampleSample","共有されない自分だけのメモです。
自分用にコツやポイントのメモを取れます。
SampleSampleSampleSampleSampleSampleSampleSampleSample",2022/4/25 13:08,2022/4/25 13:08
7,221,55.66,+7,"共有されるコメントです。
コツやポイントが書き込めます。
SampleSampleSampleSampleSampleSampleSampleSampleSampleSample","共有されない自分だけのメモです。
自分用にコツやポイントのメモを取れます。
SampleSampleSampleSampleSampleSampleSampleSampleSample",2022/4/28 13:01,2022/4/28 13:01
1,40,38.44,-3,"共有されるコメントです。
コツやポイントが書き込めます。
SampleSampleSampleSampleSampleSampleSampleSampleSampleSample","共有されない自分だけのメモです。
自分用にコツやポイントのメモを取れます。
SampleSampleSampleSampleSampleSampleSampleSampleSample",2022/5/1 4:06,2022/5/1 4:06
9,312,44.49,±0,"共有されるコメントです。
コツやポイントが書き込めます。
SampleSampleSampleSampleSampleSampleSampleSampleSampleSample","共有されない自分だけのメモです。
自分用にコツやポイントのメモを取れます。
SampleSampleSampleSampleSampleSampleSampleSampleSample",2022/5/1 4:14,2022/5/1 4:14
1,221,88.74,-2,"共有されるコメントです。
コツやポイントが書き込めます。
SampleSampleSampleSampleSampleSampleSampleSampleSampleSample","共有されない自分だけのメモです。
自分用にコツやポイントのメモを取れます。
SampleSampleSampleSampleSampleSampleSampleSampleSample",2022/5/15 15:58,2022/5/15 15:58
4,171,64.05,-5,"共有されるコメントです。
コツやポイントが書き込めます。
SampleSampleSampleSampleSampleSampleSampleSampleSampleSample","共有されない自分だけのメモです。
自分用にコツやポイントのメモを取れます。
SampleSampleSampleSampleSampleSampleSampleSampleSample",2022/5/16 6:32,2022/5/16 6:32
5,312,27.23,+3,"共有されるコメントです。
コツやポイントが書き込めます。
SampleSampleSampleSampleSampleSampleSampleSampleSampleSample","共有されない自分だけのメモです。
自分用にコツやポイントのメモを取れます。
SampleSampleSampleSampleSampleSampleSampleSampleSample",2022/5/21 20:45,2022/5/21 20:45
4,453,94.22,+9,"共有されるコメントです。
コツやポイントが書き込めます。
SampleSampleSampleSampleSampleSampleSampleSampleSampleSample","共有されない自分だけのメモです。
自分用にコツやポイントのメモを取れます。
SampleSampleSampleSampleSampleSampleSampleSampleSample",2022/5/26 3:11,2022/5/26 3:11
1,221,85.89,-2,"共有されるコメントです。
コツやポイントが書き込めます。
SampleSampleSampleSampleSampleSampleSampleSampleSampleSample","共有されない自分だけのメモです。
自分用にコツやポイントのメモを取れます。
SampleSampleSampleSampleSampleSampleSampleSampleSample",2022/5/28 2:27,2022/5/28 2:27
1,312,84.74,+7,"共有されるコメントです。
コツやポイントが書き込めます。
SampleSampleSampleSampleSampleSampleSampleSampleSampleSample","共有されない自分だけのメモです。
自分用にコツやポイントのメモを取れます。
SampleSampleSampleSampleSampleSampleSampleSampleSample",2022/6/8 20:32,2022/6/8 20:32
8,26,18.44,-5,"共有されるコメントです。
コツやポイントが書き込めます。
SampleSampleSampleSampleSampleSampleSampleSampleSampleSample","共有されない自分だけのメモです。
自分用にコツやポイントのメモを取れます。
SampleSampleSampleSampleSampleSampleSampleSampleSample",2022/6/12 10:08,2022/6/12 10:08
1,221,59.79,-2,"共有されるコメントです。
コツやポイントが書き込めます。
SampleSampleSampleSampleSampleSampleSampleSampleSampleSample","共有されない自分だけのメモです。
自分用にコツやポイントのメモを取れます。
SampleSampleSampleSampleSampleSampleSampleSampleSample",2022/6/13 2:56,2022/6/13 2:56
5,241,14.99,-2,"共有されるコメントです。
コツやポイントが書き込めます。
SampleSampleSampleSampleSampleSampleSampleSampleSampleSample","共有されない自分だけのメモです。
自分用にコツやポイントのメモを取れます。
SampleSampleSampleSampleSampleSampleSampleSampleSample",2022/7/2 19:24,2022/7/2 19:24
1,221,91.85,-2,"共有されるコメントです。
コツやポイントが書き込めます。
SampleSampleSampleSampleSampleSampleSampleSampleSampleSample","共有されない自分だけのメモです。
自分用にコツやポイントのメモを取れます。
SampleSampleSampleSampleSampleSampleSampleSampleSample",2022/7/4 4:42,2022/7/4 4:42
1,545,52.47,-2,"共有されるコメントです。
コツやポイントが書き込めます。
SampleSampleSampleSampleSampleSampleSampleSampleSampleSample","共有されない自分だけのメモです。
自分用にコツやポイントのメモを取れます。
SampleSampleSampleSampleSampleSampleSampleSampleSample",2022/7/6 14:16,2022/7/6 14:16
1,221,84.04,-2,"共有されるコメントです。
コツやポイントが書き込めます。
SampleSampleSampleSampleSampleSampleSampleSampleSampleSample","共有されない自分だけのメモです。
自分用にコツやポイントのメモを取れます。
SampleSampleSampleSampleSampleSampleSampleSampleSample",2022/7/19 6:07,2022/7/19 6:07
1,221,93.83,-2,"共有されるコメントです。
コツやポイントが書き込めます。
SampleSampleSampleSampleSampleSampleSampleSampleSampleSample","共有されない自分だけのメモです。
自分用にコツやポイントのメモを取れます。
SampleSampleSampleSampleSampleSampleSampleSampleSample",2022/7/21 19:59,2022/7/21 19:59
4,428,57.79,-1,"共有されるコメントです。
コツやポイントが書き込めます。
SampleSampleSampleSampleSampleSampleSampleSampleSampleSample","共有されない自分だけのメモです。
自分用にコツやポイントのメモを取れます。
SampleSampleSampleSampleSampleSampleSampleSampleSample",2022/8/2 23:52,2022/8/2 23:52
1,221,69.75,-2,"共有されるコメントです。
コツやポイントが書き込めます。
SampleSampleSampleSampleSampleSampleSampleSampleSampleSample","共有されない自分だけのメモです。
自分用にコツやポイントのメモを取れます。
SampleSampleSampleSampleSampleSampleSampleSampleSample",2022/8/11 16:02,2022/8/11 16:02
1,221,84.42,-2,"共有されるコメントです。
コツやポイントが書き込めます。
SampleSampleSampleSampleSampleSampleSampleSampleSampleSample","共有されない自分だけのメモです。
自分用にコツやポイントのメモを取れます。
SampleSampleSampleSampleSampleSampleSampleSampleSample",2022/8/12 11:17,2022/8/12 11:17
1,221,63.46,-2,"共有されるコメントです。
コツやポイントが書き込めます。
SampleSampleSampleSampleSampleSampleSampleSampleSampleSample","共有されない自分だけのメモです。
自分用にコツやポイントのメモを取れます。
SampleSampleSampleSampleSampleSampleSampleSampleSample",2022/8/12 21:20,2022/8/12 21:20
7,26,65.41,-7,"共有されるコメントです。
コツやポイントが書き込めます。
SampleSampleSampleSampleSampleSampleSampleSampleSampleSample","共有されない自分だけのメモです。
自分用にコツやポイントのメモを取れます。
SampleSampleSampleSampleSampleSampleSampleSampleSample",2022/8/16 13:41,2022/8/16 13:41
3,241,45.73,-9,"共有されるコメントです。
コツやポイントが書き込めます。
SampleSampleSampleSampleSampleSampleSampleSampleSampleSample","共有されない自分だけのメモです。
自分用にコツやポイントのメモを取れます。
SampleSampleSampleSampleSampleSampleSampleSampleSample",2022/8/18 13:09,2022/8/18 13:09
4,171,25.96,+7,"共有されるコメントです。
コツやポイントが書き込めます。
SampleSampleSampleSampleSampleSampleSampleSampleSampleSample","共有されない自分だけのメモです。
自分用にコツやポイントのメモを取れます。
SampleSampleSampleSampleSampleSampleSampleSampleSample",2022/8/26 9:22,2022/8/26 9:22
2,428,82.69,+1,"共有されるコメントです。
コツやポイントが書き込めます。
SampleSampleSampleSampleSampleSampleSampleSampleSampleSample","共有されない自分だけのメモです。
自分用にコツやポイントのメモを取れます。
SampleSampleSampleSampleSampleSampleSampleSampleSample",2022/9/3 5:09,2022/9/3 5:09
5,545,22.81,-4,"共有されるコメントです。
コツやポイントが書き込めます。
SampleSampleSampleSampleSampleSampleSampleSampleSampleSample","共有されない自分だけのメモです。
自分用にコツやポイントのメモを取れます。
SampleSampleSampleSampleSampleSampleSampleSampleSample",2022/9/3 21:03,2022/9/3 21:03
5,453,42.33,-2,"共有されるコメントです。
コツやポイントが書き込めます。
SampleSampleSampleSampleSampleSampleSampleSampleSampleSample","共有されない自分だけのメモです。
自分用にコツやポイントのメモを取れます。
SampleSampleSampleSampleSampleSampleSampleSampleSample",2022/9/7 21:35,2022/9/7 21:35
9,221,71.95,+2,"共有されるコメントです。
コツやポイントが書き込めます。
SampleSampleSampleSampleSampleSampleSampleSampleSampleSample","共有されない自分だけのメモです。
自分用にコツやポイントのメモを取れます。
SampleSampleSampleSampleSampleSampleSampleSampleSample",2022/9/8 12:54,2022/9/8 12:54
8,26,52.14,+4,"共有されるコメントです。
コツやポイントが書き込めます。
SampleSampleSampleSampleSampleSampleSampleSampleSampleSample","共有されない自分だけのメモです。
自分用にコツやポイントのメモを取れます。
SampleSampleSampleSampleSampleSampleSampleSampleSample",2022/9/12 19:31,2022/9/12 19:31
8,428,46.84,+1,"共有されるコメントです。
コツやポイントが書き込めます。
SampleSampleSampleSampleSampleSampleSampleSampleSampleSample","共有されない自分だけのメモです。
自分用にコツやポイントのメモを取れます。
SampleSampleSampleSampleSampleSampleSampleSampleSample",2022/9/15 14:19,2022/9/15 14:19
7,241,79.29,-1,"共有されるコメントです。
コツやポイントが書き込めます。
SampleSampleSampleSampleSampleSampleSampleSampleSampleSample","共有されない自分だけのメモです。
自分用にコツやポイントのメモを取れます。
SampleSampleSampleSampleSampleSampleSampleSampleSample",2022/9/19 22:31,2022/9/19 22:31
1,26,21.85,-3,"共有されるコメントです。
コツやポイントが書き込めます。
SampleSampleSampleSampleSampleSampleSampleSampleSampleSample","共有されない自分だけのメモです。
自分用にコツやポイントのメモを取れます。
SampleSampleSampleSampleSampleSampleSampleSampleSample",2022/9/26 6:26,2022/9/26 6:26
1,545,42.87,±0,"共有されるコメントです。
コツやポイントが書き込めます。
SampleSampleSampleSampleSampleSampleSampleSampleSampleSample","共有されない自分だけのメモです。
自分用にコツやポイントのメモを取れます。
SampleSampleSampleSampleSampleSampleSampleSampleSample",2022/9/29 1:52,2022/9/29 1:52
8,428,49.32,+6,"共有されるコメントです。
コツやポイントが書き込めます。
SampleSampleSampleSampleSampleSampleSampleSampleSampleSample","共有されない自分だけのメモです。
自分用にコツやポイントのメモを取れます。
SampleSampleSampleSampleSampleSampleSampleSampleSample",2022/10/1 7:16,2022/10/1 7:16
1,40,84.53,-3,"共有されるコメントです。
コツやポイントが書き込めます。
SampleSampleSampleSampleSampleSampleSampleSampleSampleSample","共有されない自分だけのメモです。
自分用にコツやポイントのメモを取れます。
SampleSampleSampleSampleSampleSampleSampleSampleSample",2022/10/4 5:15,2022/10/4 5:15
5,221,33.03,+4,"共有されるコメントです。
コツやポイントが書き込めます。
SampleSampleSampleSampleSampleSampleSampleSampleSampleSample","共有されない自分だけのメモです。
自分用にコツやポイントのメモを取れます。
SampleSampleSampleSampleSampleSampleSampleSampleSample",2022/10/7 5:21,2022/10/7 5:21
5,171,63.74,+7,"共有されるコメントです。
コツやポイントが書き込めます。
SampleSampleSampleSampleSampleSampleSampleSampleSampleSample","共有されない自分だけのメモです。
自分用にコツやポイントのメモを取れます。
SampleSampleSampleSampleSampleSampleSampleSampleSample",2022/10/15 4:38,2022/10/15 4:38
3,40,88.70,±0,"共有されるコメントです。
コツやポイントが書き込めます。
SampleSampleSampleSampleSampleSampleSampleSampleSampleSample","共有されない自分だけのメモです。
自分用にコツやポイントのメモを取れます。
SampleSampleSampleSampleSampleSampleSampleSampleSample",2022/10/25 4:06,2022/10/25 4:06
1,40,68.51,-3,"共有されるコメントです。
コツやポイントが書き込めます。
SampleSampleSampleSampleSampleSampleSampleSampleSampleSample","共有されない自分だけのメモです。
自分用にコツやポイントのメモを取れます。
SampleSampleSampleSampleSampleSampleSampleSampleSample",2022/10/29 19:02,2022/10/29 19:02
4,221,82.97,+6,"共有されるコメントです。
コツやポイントが書き込めます。
SampleSampleSampleSampleSampleSampleSampleSampleSampleSample","共有されない自分だけのメモです。
自分用にコツやポイントのメモを取れます。
SampleSampleSampleSampleSampleSampleSampleSampleSample",2022/11/3 15:32,2022/11/3 15:32
9,453,48.13,+1,"共有されるコメントです。
コツやポイントが書き込めます。
SampleSampleSampleSampleSampleSampleSampleSampleSampleSample","共有されない自分だけのメモです。
自分用にコツやポイントのメモを取れます。
SampleSampleSampleSampleSampleSampleSampleSampleSample",2022/11/6 12:37,2022/11/6 12:37
5,40,78.60,-1,"共有されるコメントです。
コツやポイントが書き込めます。
SampleSampleSampleSampleSampleSampleSampleSampleSampleSample","共有されない自分だけのメモです。
自分用にコツやポイントのメモを取れます。
SampleSampleSampleSampleSampleSampleSampleSampleSample",2022/11/10 8:05,2022/11/10 8:05
1,221,56.18,-2,"共有されるコメントです。
コツやポイントが書き込めます。
SampleSampleSampleSampleSampleSampleSampleSampleSampleSample","共有されない自分だけのメモです。
自分用にコツやポイントのメモを取れます。
SampleSampleSampleSampleSampleSampleSampleSampleSample",2022/11/21 4:42,2022/11/21 4:42
1,26,54.29,+8,"共有されるコメントです。
コツやポイントが書き込めます。
SampleSampleSampleSampleSampleSampleSampleSampleSampleSample","共有されない自分だけのメモです。
自分用にコツやポイントのメモを取れます。
SampleSampleSampleSampleSampleSampleSampleSampleSample",2022/12/1 14:50,2022/12/1 14:50
4,26,44.87,-2,"共有されるコメントです。
コツやポイントが書き込めます。
SampleSampleSampleSampleSampleSampleSampleSampleSampleSample","共有されない自分だけのメモです。
自分用にコツやポイントのメモを取れます。
SampleSampleSampleSampleSampleSampleSampleSampleSample",2022/12/2 18:48,2022/12/2 18:48
3,26,18.28,+1,"共有されるコメントです。
コツやポイントが書き込めます。
SampleSampleSampleSampleSampleSampleSampleSampleSampleSample","共有されない自分だけのメモです。
自分用にコツやポイントのメモを取れます。
SampleSampleSampleSampleSampleSampleSampleSampleSample",2022/12/13 2:25,2022/12/13 2:25
1,221,56.18,-2,"共有されるコメントです。
コツやポイントが書き込めます。
SampleSampleSampleSampleSampleSampleSampleSampleSampleSample","共有されない自分だけのメモです。
自分用にコツやポイントのメモを取れます。
SampleSampleSampleSampleSampleSampleSampleSampleSample",2022/12/15 0:51,2022/12/15 0:51
1,221,65.72,-2,"共有されるコメントです。
コツやポイントが書き込めます。
SampleSampleSampleSampleSampleSampleSampleSampleSampleSample","共有されない自分だけのメモです。
自分用にコツやポイントのメモを取れます。
SampleSampleSampleSampleSampleSampleSampleSampleSample",2022/12/17 4:02,2022/12/17 4:02
2,26,49.62,-9,"共有されるコメントです。
コツやポイントが書き込めます。
SampleSampleSampleSampleSampleSampleSampleSampleSampleSample","共有されない自分だけのメモです。
自分用にコツやポイントのメモを取れます。
SampleSampleSampleSampleSampleSampleSampleSampleSample",2022/12/27 1:09,2022/12/27 1:09
1,545,69.36,±0,"共有されるコメントです。
コツやポイントが書き込めます。
SampleSampleSampleSampleSampleSampleSampleSampleSampleSample","共有されない自分だけのメモです。
自分用にコツやポイントのメモを取れます。
SampleSampleSampleSampleSampleSampleSampleSampleSample",2023/1/1 11:42,2023/1/1 11:42
9,40,53.06,+3,"共有されるコメントです。
コツやポイントが書き込めます。
SampleSampleSampleSampleSampleSampleSampleSampleSampleSample","共有されない自分だけのメモです。
自分用にコツやポイントのメモを取れます。
SampleSampleSampleSampleSampleSampleSampleSampleSample",2023/1/4 1:03,2023/1/4 1:03
8,26,83.75,-8,"共有されるコメントです。
コツやポイントが書き込めます。
SampleSampleSampleSampleSampleSampleSampleSampleSampleSample","共有されない自分だけのメモです。
自分用にコツやポイントのメモを取れます。
SampleSampleSampleSampleSampleSampleSampleSampleSample",2023/1/5 7:47,2023/1/5 7:47
6,545,69.51,-9,"共有されるコメントです。
コツやポイントが書き込めます。
SampleSampleSampleSampleSampleSampleSampleSampleSampleSample","共有されない自分だけのメモです。
自分用にコツやポイントのメモを取れます。
SampleSampleSampleSampleSampleSampleSampleSampleSample",2023/1/7 14:52,2023/1/7 14:52
1,40,55.42,-3,"共有されるコメントです。
コツやポイントが書き込めます。
SampleSampleSampleSampleSampleSampleSampleSampleSampleSample","共有されない自分だけのメモです。
自分用にコツやポイントのメモを取れます。
SampleSampleSampleSampleSampleSampleSampleSampleSample",2023/1/12 10:10,2023/1/12 10:10
1,545,56.47,±0,"共有されるコメントです。
コツやポイントが書き込めます。
SampleSampleSampleSampleSampleSampleSampleSampleSampleSample","共有されない自分だけのメモです。
自分用にコツやポイントのメモを取れます。
SampleSampleSampleSampleSampleSampleSampleSampleSample",2023/1/13 7:00,2023/1/13 7:00
4,221,81.69,-5,"共有されるコメントです。
コツやポイントが書き込めます。
SampleSampleSampleSampleSampleSampleSampleSampleSampleSample","共有されない自分だけのメモです。
自分用にコツやポイントのメモを取れます。
SampleSampleSampleSampleSampleSampleSampleSampleSample",2023/1/15 18:01,2023/1/15 18:01
3,545,97.91,-5,"共有されるコメントです。
コツやポイントが書き込めます。
SampleSampleSampleSampleSampleSampleSampleSampleSampleSample","共有されない自分だけのメモです。
自分用にコツやポイントのメモを取れます。
SampleSampleSampleSampleSampleSampleSampleSampleSample",2023/1/16 16:43,2023/1/16 16:43
8,221,68.30,-7,"共有されるコメントです。
コツやポイントが書き込めます。
SampleSampleSampleSampleSampleSampleSampleSampleSampleSample","共有されない自分だけのメモです。
自分用にコツやポイントのメモを取れます。
SampleSampleSampleSampleSampleSampleSampleSampleSample",2023/1/22 16:16,2023/1/22 16:16
7,221,44.15,-4,"共有されるコメントです。
コツやポイントが書き込めます。
SampleSampleSampleSampleSampleSampleSampleSampleSampleSample","共有されない自分だけのメモです。
自分用にコツやポイントのメモを取れます。
SampleSampleSampleSampleSampleSampleSampleSampleSample",2023/1/28 19:11,2023/1/28 19:11
2,312,81.63,-1,"共有されるコメントです。
コツやポイントが書き込めます。
SampleSampleSampleSampleSampleSampleSampleSampleSampleSample","共有されない自分だけのメモです。
自分用にコツやポイントのメモを取れます。
SampleSampleSampleSampleSampleSampleSampleSampleSample",2023/1/29 22:41,2023/1/29 22:41
1,40,53.54,-3,"共有されるコメントです。
コツやポイントが書き込めます。
SampleSampleSampleSampleSampleSampleSampleSampleSampleSample","共有されない自分だけのメモです。
自分用にコツやポイントのメモを取れます。
SampleSampleSampleSampleSampleSampleSampleSampleSample",2023/2/7 17:15,2023/2/7 17:15
1,40,68.51,-3,"共有されるコメントです。
コツやポイントが書き込めます。
SampleSampleSampleSampleSampleSampleSampleSampleSampleSample","共有されない自分だけのメモです。
自分用にコツやポイントのメモを取れます。
SampleSampleSampleSampleSampleSampleSampleSampleSample",2023/2/8 19:19,2023/2/8 19:19
9,428,58.63,-7,"共有されるコメントです。
コツやポイントが書き込めます。
SampleSampleSampleSampleSampleSampleSampleSampleSampleSample","共有されない自分だけのメモです。
自分用にコツやポイントのメモを取れます。
SampleSampleSampleSampleSampleSampleSampleSampleSample",2023/2/10 6:56,2023/2/10 6:56
1,545,95.34,+9,"共有されるコメントです。
コツやポイントが書き込めます。
SampleSampleSampleSampleSampleSampleSampleSampleSampleSample","共有されない自分だけのメモです。
自分用にコツやポイントのメモを取れます。
SampleSampleSampleSampleSampleSampleSampleSampleSample",2023/2/15 23:10,2023/2/15 23:10
1,221,95.85,-2,"共有されるコメントです。
コツやポイントが書き込めます。
SampleSampleSampleSampleSampleSampleSampleSampleSampleSample","共有されない自分だけのメモです。
自分用にコツやポイントのメモを取れます。
SampleSampleSampleSampleSampleSampleSampleSampleSample",2023/2/15 23:40,2023/2/15 23:40
6,453,14.68,+9,"共有されるコメントです。
コツやポイントが書き込めます。
SampleSampleSampleSampleSampleSampleSampleSampleSampleSample","共有されない自分だけのメモです。
自分用にコツやポイントのメモを取れます。
SampleSampleSampleSampleSampleSampleSampleSampleSample",2023/2/21 9:54,2023/2/21 9:54
1,545,45.65,±0,"共有されるコメントです。
コツやポイントが書き込めます。
SampleSampleSampleSampleSampleSampleSampleSampleSampleSample","共有されない自分だけのメモです。
自分用にコツやポイントのメモを取れます。
SampleSampleSampleSampleSampleSampleSampleSampleSample",2023/2/23 1:08,2023/2/23 1:08
7,428,59.90,+4,"共有されるコメントです。
コツやポイントが書き込めます。
SampleSampleSampleSampleSampleSampleSampleSampleSampleSample","共有されない自分だけのメモです。
自分用にコツやポイントのメモを取れます。
SampleSampleSampleSampleSampleSampleSampleSampleSample",2023/3/6 3:51,2023/3/6 3:51
1,40,55.42,-3,"共有されるコメントです。
コツやポイントが書き込めます。
SampleSampleSampleSampleSampleSampleSampleSampleSampleSample","共有されない自分だけのメモです。
自分用にコツやポイントのメモを取れます。
SampleSampleSampleSampleSampleSampleSampleSampleSample",2023/3/8 12:24,2023/3/8 12:24
5,241,48.73,-8,"共有されるコメントです。
コツやポイントが書き込めます。
SampleSampleSampleSampleSampleSampleSampleSampleSampleSample","共有されない自分だけのメモです。
自分用にコツやポイントのメモを取れます。
SampleSampleSampleSampleSampleSampleSampleSampleSample",2023/3/13 10:35,2023/3/13 10:35
1,40,89.83,-3,"共有されるコメントです。
コツやポイントが書き込めます。
SampleSampleSampleSampleSampleSampleSampleSampleSampleSample","共有されない自分だけのメモです。
自分用にコツやポイントのメモを取れます。
SampleSampleSampleSampleSampleSampleSampleSampleSample",2023/3/19 7:34,2023/3/19 7:34
1,545,44.24,±0,"共有されるコメントです。
コツやポイントが書き込めます。
SampleSampleSampleSampleSampleSampleSampleSampleSampleSample","共有されない自分だけのメモです。
自分用にコツやポイントのメモを取れます。
SampleSampleSampleSampleSampleSampleSampleSampleSample",2023/3/20 8:31,2023/3/20 8:31
1,40,54.15,-3,"共有されるコメントです。
コツやポイントが書き込めます。
SampleSampleSampleSampleSampleSampleSampleSampleSampleSample","共有されない自分だけのメモです。
自分用にコツやポイントのメモを取れます。
SampleSampleSampleSampleSampleSampleSampleSampleSample",2023/3/22 18:33,2023/3/22 18:33
9,171,36.88,+4,"共有されるコメントです。
コツやポイントが書き込めます。
SampleSampleSampleSampleSampleSampleSampleSampleSampleSample","共有されない自分だけのメモです。
自分用にコツやポイントのメモを取れます。
SampleSampleSampleSampleSampleSampleSampleSampleSample",2023/3/25 5:07,2023/3/25 5:07
8,171,21.29,+5,"共有されるコメントです。
コツやポイントが書き込めます。
SampleSampleSampleSampleSampleSampleSampleSampleSampleSample","共有されない自分だけのメモです。
自分用にコツやポイントのメモを取れます。
SampleSampleSampleSampleSampleSampleSampleSampleSample",2023/3/27 12:25,2023/3/27 12:25
4,312,75.50,+5,"共有されるコメントです。
コツやポイントが書き込めます。
SampleSampleSampleSampleSampleSampleSampleSampleSampleSample","共有されない自分だけのメモです。
自分用にコツやポイントのメモを取れます。
SampleSampleSampleSampleSampleSampleSampleSampleSample",2023/3/28 20:52,2023/3/28 20:52
6,312,74.02,+2,"共有されるコメントです。
コツやポイントが書き込めます。
SampleSampleSampleSampleSampleSampleSampleSampleSampleSample","共有されない自分だけのメモです。
自分用にコツやポイントのメモを取れます。
SampleSampleSampleSampleSampleSampleSampleSampleSample",2023/3/29 22:48,2023/3/29 22:48
2,40,17.91,-6,"共有されるコメントです。
コツやポイントが書き込めます。
SampleSampleSampleSampleSampleSampleSampleSampleSampleSample","共有されない自分だけのメモです。
自分用にコツやポイントのメモを取れます。
SampleSampleSampleSampleSampleSampleSampleSampleSample",2023/4/1 4:19,2023/4/1 4:19
1,453,73.93,-1,"共有されるコメントです。
コツやポイントが書き込めます。
SampleSampleSampleSampleSampleSampleSampleSampleSampleSample","共有されない自分だけのメモです。
自分用にコツやポイントのメモを取れます。
SampleSampleSampleSampleSampleSampleSampleSampleSample",2023/4/1 21:10,2023/4/1 21:10
4,453,49.44,-5,"共有されるコメントです。
コツやポイントが書き込めます。
SampleSampleSampleSampleSampleSampleSampleSampleSampleSample","共有されない自分だけのメモです。
自分用にコツやポイントのメモを取れます。
SampleSampleSampleSampleSampleSampleSampleSampleSample",2023/4/10 22:21,2023/4/10 22:21
2,312,94.16,-7,"共有されるコメントです。
コツやポイントが書き込めます。
SampleSampleSampleSampleSampleSampleSampleSampleSampleSample","共有されない自分だけのメモです。
自分用にコツやポイントのメモを取れます。
SampleSampleSampleSampleSampleSampleSampleSampleSample",2023/4/18 20:26,2023/4/18 20:26
5,221,96.47,+1,"共有されるコメントです。
コツやポイントが書き込めます。
SampleSampleSampleSampleSampleSampleSampleSampleSampleSample","共有されない自分だけのメモです。
自分用にコツやポイントのメモを取れます。
SampleSampleSampleSampleSampleSampleSampleSampleSample",2023/4/21 10:58,2023/4/21 10:58
1,221,46.24,-2,"共有されるコメントです。
コツやポイントが書き込めます。
SampleSampleSampleSampleSampleSampleSampleSampleSampleSample","共有されない自分だけのメモです。
自分用にコツやポイントのメモを取れます。
SampleSampleSampleSampleSampleSampleSampleSampleSample",2023/4/28 8:18,2023/4/28 8:18
4,241,86.07,+9,"共有されるコメントです。
コツやポイントが書き込めます。
SampleSampleSampleSampleSampleSampleSampleSampleSampleSample","共有されない自分だけのメモです。
自分用にコツやポイントのメモを取れます。
SampleSampleSampleSampleSampleSampleSampleSampleSample",2023/5/4 17:32,2023/5/4 17:32
7,221,91.23,-7,"共有されるコメントです。
コツやポイントが書き込めます。
SampleSampleSampleSampleSampleSampleSampleSampleSampleSample","共有されない自分だけのメモです。
自分用にコツやポイントのメモを取れます。
SampleSampleSampleSampleSampleSampleSampleSampleSample",2023/5/29 23:39,2023/5/29 23:39
1,40,69.67,-3,"共有されるコメントです。
コツやポイントが書き込めます。
SampleSampleSampleSampleSampleSampleSampleSampleSampleSample","共有されない自分だけのメモです。
自分用にコツやポイントのメモを取れます。
SampleSampleSampleSampleSampleSampleSampleSampleSample",2023/6/1 10:13,2023/6/1 10:13
1,221,69.36,-2,"共有されるコメントです。
コツやポイントが書き込めます。
SampleSampleSampleSampleSampleSampleSampleSampleSampleSample","共有されない自分だけのメモです。
自分用にコツやポイントのメモを取れます。
SampleSampleSampleSampleSampleSampleSampleSampleSample",2023/6/5 17:21,2023/6/5 17:21
8,26,14.03,-4,"共有されるコメントです。
コツやポイントが書き込めます。
SampleSampleSampleSampleSampleSampleSampleSampleSampleSample","共有されない自分だけのメモです。
自分用にコツやポイントのメモを取れます。
SampleSampleSampleSampleSampleSampleSampleSampleSample",2023/6/5 22:36,2023/6/5 22:36
1,221,94.97,-2,"共有されるコメントです。
コツやポイントが書き込めます。
SampleSampleSampleSampleSampleSampleSampleSampleSampleSample","共有されない自分だけのメモです。
自分用にコツやポイントのメモを取れます。
SampleSampleSampleSampleSampleSampleSampleSampleSample",2023/6/7 23:05,2023/6/7 23:05
1,221,57.51,-2,"共有されるコメントです。
コツやポイントが書き込めます。
SampleSampleSampleSampleSampleSampleSampleSampleSampleSample","共有されない自分だけのメモです。
自分用にコツやポイントのメモを取れます。
SampleSampleSampleSampleSampleSampleSampleSampleSample",2023/6/8 21:49,2023/6/8 21:49
6,26,65.29,-1,"共有されるコメントです。
コツやポイントが書き込めます。
SampleSampleSampleSampleSampleSampleSampleSampleSampleSample","共有されない自分だけのメモです。
自分用にコツやポイントのメモを取れます。
SampleSampleSampleSampleSampleSampleSampleSampleSample",2023/6/10 0:25,2023/6/10 0:25
8,221,15.88,-7,"共有されるコメントです。
コツやポイントが書き込めます。
SampleSampleSampleSampleSampleSampleSampleSampleSampleSample","共有されない自分だけのメモです。
自分用にコツやポイントのメモを取れます。
SampleSampleSampleSampleSampleSampleSampleSampleSample",2023/6/17 12:03,2023/6/17 12:03
4,545,39.00,-7,"共有されるコメントです。
コツやポイントが書き込めます。
SampleSampleSampleSampleSampleSampleSampleSampleSampleSample","共有されない自分だけのメモです。
自分用にコツやポイントのメモを取れます。
SampleSampleSampleSampleSampleSampleSampleSampleSample",2023/6/21 19:18,2023/6/21 19:18
1,221,62.28,-2,"共有されるコメントです。
コツやポイントが書き込めます。
SampleSampleSampleSampleSampleSampleSampleSampleSampleSample","共有されない自分だけのメモです。
自分用にコツやポイントのメモを取れます。
SampleSampleSampleSampleSampleSampleSampleSampleSample",2023/6/27 18:08,2023/6/27 18:08
9,241,47.45,-6,"共有されるコメントです。
コツやポイントが書き込めます。
SampleSampleSampleSampleSampleSampleSampleSampleSampleSample","共有されない自分だけのメモです。
自分用にコツやポイントのメモを取れます。
SampleSampleSampleSampleSampleSampleSampleSampleSample",2023/7/1 4:24,2023/7/1 4:24
1,40,28.29,-3,"共有されるコメントです。
コツやポイントが書き込めます。
SampleSampleSampleSampleSampleSampleSampleSampleSampleSample","共有されない自分だけのメモです。
自分用にコツやポイントのメモを取れます。
SampleSampleSampleSampleSampleSampleSampleSampleSample",2023/7/5 8:42,2023/7/5 8:42
8,453,39.22,-0,"共有されるコメントです。
コツやポイントが書き込めます。
SampleSampleSampleSampleSampleSampleSampleSampleSampleSample","共有されない自分だけのメモです。
自分用にコツやポイントのメモを取れます。
SampleSampleSampleSampleSampleSampleSampleSampleSample",2023/7/17 22:31,2023/7/17 22:31
